Date,Name,Year,Letterboxd URI,Rating
2017-04-20,2001: A Space Odyssey,1968,https://letterboxd.com/film/2001-a-space-odyssey/,5
2017-04-20,Eyes Wide Shut,1999,https://letterboxd.com/film/eyes-wide-shut/,5
2017-04-22,Kong: Skull Island,2017,https://letterboxd.com/film/kong-skull-island/,3
2017-04-22,Arrival,2016,https://letterboxd.com/film/arrival-2016/,3
2017-04-22,Shin Godzilla,2016,https://letterboxd.com/film/shin-godzilla/,4.5
2017-04-22,Finding Dory,2016,https://letterboxd.com/film/finding-dory/,2.5
2017-04-22,Batman v Superman: Dawn of Justice,2016,https://letterboxd.com/film/batman-v-superman-dawn-of-justice/,3
2017-04-22,Sausage Party,2016,https://letterboxd.com/film/sausage-party/,1.5
2017-04-22,10 Cloverfield Lane,2016,https://letterboxd.com/film/10-cloverfield-lane/,3
2017-04-22,13 Hours: The Secret Soldiers of Benghazi,2016,https://letterboxd.com/film/13-hours-the-secret-soldiers-of-benghazi/,2.5
2017-04-22,Kizumonogatari Part 1: Tekketsu,2016,https://letterboxd.com/film/kizumonogatari-part-1-tekketsu/,4
2017-04-22,Look Who's Back,2015,https://letterboxd.com/film/look-whos-back-2015/,2.5
2017-04-22,The Martian,2015,https://letterboxd.com/film/the-martian/,2.5
2017-04-22,The Visit,2015,https://letterboxd.com/film/the-visit-2015/,2.5
2017-04-22,The Beauty Inside,2015,https://letterboxd.com/film/the-beauty-inside/,3.5
2017-04-22,Jurassic World,2015,https://letterboxd.com/film/jurassic-world/,1.5
2017-04-22,Sicario,2015,https://letterboxd.com/film/sicario-2015/,3.5
2017-04-22,Snowpiercer,2013,https://letterboxd.com/film/snowpiercer/,3.5
2017-04-22,Who Framed Roger Rabbit,1988,https://letterboxd.com/film/who-framed-roger-rabbit/,4.5
2017-04-22,Piper,2016,https://letterboxd.com/film/piper/,2.5
2017-04-22,Ex Machina,2014,https://letterboxd.com/film/ex-machina-2014/,3
2017-04-22,Avengers: Age of Ultron,2015,https://letterboxd.com/film/avengers-age-of-ultron/,1
2017-04-22,Captain Falcon,2015,https://letterboxd.com/film/captain-falcon/,3
2017-04-22,Inside Out,2015,https://letterboxd.com/film/inside-out-2015/,2
2017-04-22,Timbuktu,2014,https://letterboxd.com/film/timbuktu-2014/,3
2017-04-22,The Hobbit: The Battle of the Five Armies,2014,https://letterboxd.com/film/the-hobbit-the-battle-of-the-five-armies/,1.5
2017-04-22,Rakuen Tsuihou - Expelled from Paradise,2014,https://letterboxd.com/film/rakuen-tsuihou-expelled-from-paradise/,2.5
2017-04-22,The Imitation Game,2014,https://letterboxd.com/film/the-imitation-game/,3
2017-04-22,Interstellar,2014,https://letterboxd.com/film/interstellar/,4.5
2017-04-22,Big Hero 6,2014,https://letterboxd.com/film/big-hero-6/,2.5
2017-04-22,Dawn of the Planet of the Apes,2014,https://letterboxd.com/film/dawn-of-the-planet-of-the-apes/,2
2017-04-22,Edge of Tomorrow,2014,https://letterboxd.com/film/edge-of-tomorrow/,2.5
2017-04-22,It Follows,2014,https://letterboxd.com/film/it-follows/,3.5
2017-04-22,Godzilla,2014,https://letterboxd.com/film/godzilla-2014/,2.5
2017-04-22,Captain America: The Winter Soldier,2014,https://letterboxd.com/film/captain-america-the-winter-soldier/,1
2017-04-22,The Grand Budapest Hotel,2014,https://letterboxd.com/film/the-grand-budapest-hotel/,4.5
2017-04-22,The Lego Movie,2014,https://letterboxd.com/film/the-lego-movie/,4.5
2017-04-22,The Hobbit: The Desolation of Smaug,2013,https://letterboxd.com/film/the-hobbit-the-desolation-of-smaug/,2
2017-04-22,Frozen,2013,https://letterboxd.com/film/frozen-2013/,3
2017-04-22,Money for Nothing: Inside the Federal Reserve,2013,https://letterboxd.com/film/money-for-nothing-inside-the-federal-reserve/,2.5
2017-04-22,The Unknown Known,2013,https://letterboxd.com/film/the-unknown-known/,4.5
2017-04-22,The Wind Rises,2013,https://letterboxd.com/film/the-wind-rises/,3.5
2017-04-22,Pacific Rim,2013,https://letterboxd.com/film/pacific-rim/,3.5
2017-04-22,World War Z,2013,https://letterboxd.com/film/world-war-z/,1.5
2017-04-22,The Garden of Words,2013,https://letterboxd.com/film/the-garden-of-words/,3.5
2017-04-22,Berserk: The Golden Age Arc 3 - The Advent,2013,https://letterboxd.com/film/berserk-the-golden-age-arc-3-the-advent/,3
2017-04-22,Django Unchained,2012,https://letterboxd.com/film/django-unchained/,2.5
2017-04-22,The Hobbit: An Unexpected Journey,2012,https://letterboxd.com/film/the-hobbit-an-unexpected-journey/,2
2017-04-22,Life of Pi,2012,https://letterboxd.com/film/life-of-pi/,2.5
2017-04-22,Evangelion: 3.0 You Can (Not) Redo,2012,https://letterboxd.com/film/evangelion-30-you-can-not-redo/,3.5
2017-04-22,Wreck-It Ralph,2012,https://letterboxd.com/film/wreck-it-ralph/,2.5
2017-04-22,Puella Magi Madoka Magica the Movie Part I: Beginnings,2012,https://letterboxd.com/film/puella-magi-madoka-magica-the-movie/,3
2017-04-22,Mardock Scramble: The Third Exhaust,2012,https://letterboxd.com/film/mardock-scramble-the-third-exhaust/,2.5
2017-04-22,Looper,2012,https://letterboxd.com/film/looper/,2.5
2017-04-22,Wolf Children,2012,https://letterboxd.com/film/wolf-children/,4.5
2017-04-22,The Dark Knight Rises,2012,https://letterboxd.com/film/the-dark-knight-rises/,3.5
2017-04-22,Berserk: The Golden Age Arc 2 - The Battle for Doldrey,2012,https://letterboxd.com/film/berserk-the-golden-age-arc-2-the-battle-for-doldrey/,3
2017-04-22,Brave,2012,https://letterboxd.com/film/brave-2012/,2.5
2017-04-22,The Avengers,2012,https://letterboxd.com/film/the-avengers-2012/,1.5
2017-04-22,The Cabin in the Woods,2012,https://letterboxd.com/film/the-cabin-in-the-woods/,3
2017-04-22,Berserk: The Golden Age Arc 1 - The Egg of the King,2012,https://letterboxd.com/film/berserk-the-golden-age-arc-1-the-egg-of-the-king/,2.5
2017-04-22,Mardock Scramble: The Second Combustion,2011,https://letterboxd.com/film/mardock-scramble-the-second-combustion/,3.5
2017-04-22,Captain America: The First Avenger,2011,https://letterboxd.com/film/captain-america-the-first-avenger/,2.5
2017-04-22,Harry Potter and the Deathly Hallows: Part 2,2011,https://letterboxd.com/film/harry-potter-and-the-deathly-hallows-part-2/,2.5
2017-04-22,Super 8,2011,https://letterboxd.com/film/super-8/,3
2017-04-22,X-Men: First Class,2011,https://letterboxd.com/film/x-men-first-class/,2.5
2017-04-22,Drive,2011,https://letterboxd.com/film/drive-2011/,5
2017-04-22,Mardock Scramble: The First Compression,2010,https://letterboxd.com/film/mardock-scramble-the-first-compression/,3
2017-04-22,127 Hours,2010,https://letterboxd.com/film/127-hours/,2.5
2017-04-22,Harry Potter and the Deathly Hallows: Part 1,2010,https://letterboxd.com/film/harry-potter-and-the-deathly-hallows-part-1/,2
2017-04-22,Inside Job,2010,https://letterboxd.com/film/inside-job-2010/,2.5
2017-04-22,The Social Network,2010,https://letterboxd.com/film/the-social-network/,4
2017-04-22,Insidious,2010,https://letterboxd.com/film/insidious/,2
2017-04-22,King Kong vs. Godzilla,1962,https://letterboxd.com/film/king-kong-vs-godzilla/,2.5
2017-04-22,Passage of Venus,1874,https://letterboxd.com/film/passage-of-venus/,2.5
2017-04-22,A Trip to the Moon,1902,https://letterboxd.com/film/a-trip-to-the-moon/,3
2017-04-22,The Birth of a Nation,1915,https://letterboxd.com/film/the-birth-of-a-nation/,4
2017-04-22,Fargo,1996,https://letterboxd.com/film/fargo/,4.5
2017-04-22,The King's Speech,2010,https://letterboxd.com/film/the-kings-speech/,2.5
2017-04-22,Inception,2010,https://letterboxd.com/film/inception/,4.5
2017-04-22,Despicable Me,2010,https://letterboxd.com/film/despicable-me/,2
2017-04-22,Day & Night,2010,https://letterboxd.com/film/day-night/,2
2017-04-22,Toy Story 3,2010,https://letterboxd.com/film/toy-story-3/,2.5
2017-04-22,Iron Man 2,2010,https://letterboxd.com/film/iron-man-2/,1.5
2017-04-22,How to Train Your Dragon,2010,https://letterboxd.com/film/how-to-train-your-dragon/,3
2017-04-22,The Lovely Bones,2009,https://letterboxd.com/film/the-lovely-bones/,2.5
2017-04-22,Avatar,2009,https://letterboxd.com/film/avatar/,3
2017-04-22,Fantastic Mr. Fox,2009,https://letterboxd.com/film/fantastic-mr-fox/,3.5
2017-04-22,2012,2009,https://letterboxd.com/film/2012/,2
2017-04-22,Inglourious Basterds,2009,https://letterboxd.com/film/inglourious-basterds/,3
2017-04-22,Redline,2009,https://letterboxd.com/film/redline-2009/,4.5
2017-04-22,Summer Wars,2009,https://letterboxd.com/film/summer-wars/,3
2017-04-22,Harry Potter and the Half-Blood Prince,2009,https://letterboxd.com/film/harry-potter-and-the-half-blood-prince/,2
2017-04-22,Ice Age: Dawn of the Dinosaurs,2009,https://letterboxd.com/film/ice-age-dawn-of-the-dinosaurs/,2
2017-04-22,Evangelion: 2.0 You Can (Not) Advance,2009,https://letterboxd.com/film/evangelion-20-you-can-not-advance/,4
2017-04-22,Moon,2009,https://letterboxd.com/film/moon/,3
2017-04-22,Partly Cloudy,2009,https://letterboxd.com/film/partly-cloudy/,2.5
2017-04-22,Up,2009,https://letterboxd.com/film/up/,4
2017-04-22,Defamation,2009,https://letterboxd.com/film/defamation/,3
2017-04-22,Monsters vs Aliens,2009,https://letterboxd.com/film/monsters-vs-aliens/,1
2017-04-22,Ponyo,2008,https://letterboxd.com/film/ponyo/,3
2017-04-22,The Dark Knight,2008,https://letterboxd.com/film/the-dark-knight/,3.5
2017-04-22,Good Morning,2008,https://letterboxd.com/film/good-morning-2008/,3
2017-04-22,WALL·E,2008,https://letterboxd.com/film/walle/,3.5
2017-04-22,Presto,2008,https://letterboxd.com/film/presto/,2.5
2017-04-22,Waltz with Bashir,2008,https://letterboxd.com/film/waltz-with-bashir/,3
2017-04-22,Iron Man,2008,https://letterboxd.com/film/iron-man-2008/,2.5
2017-04-22,Cloverfield,2008,https://letterboxd.com/film/cloverfield/,2.5
2017-04-22,There Will Be Blood,2007,https://letterboxd.com/film/there-will-be-blood/,4.5
2017-04-22,Sword of the Stranger,2007,https://letterboxd.com/film/sword-of-the-stranger/,3
2017-04-22,Evangelion: 1.0: You Are (Not) Alone,2007,https://letterboxd.com/film/evangelion-10-you-are-not-alone/,4
2017-04-22,Harry Potter and the Order of the Phoenix,2007,https://letterboxd.com/film/harry-potter-and-the-order-of-the-phoenix/,2
2017-04-22,Ratatouille,2007,https://letterboxd.com/film/ratatouille/,2.5
2017-04-22,Sunshine,2007,https://letterboxd.com/film/sunshine-2007/,2
2017-04-22,Lifted,2006,https://letterboxd.com/film/lifted/,2.5
2017-04-22,Paprika,2006,https://letterboxd.com/film/paprika-2006/,4
2017-04-22,Children of Men,2006,https://letterboxd.com/film/children-of-men/,2.5
2017-04-22,Idiocracy,2006,https://letterboxd.com/film/idiocracy/,3
2017-04-22,Pirates of the Caribbean: Dead Man's Chest,2006,https://letterboxd.com/film/pirates-of-the-caribbean-dead-mans-chest/,2
2017-04-22,Cars,2006,https://letterboxd.com/film/cars/,2.5
2017-04-22,King Kong,2005,https://letterboxd.com/film/king-kong-2005/,2
2017-04-22,V for Vendetta,2005,https://letterboxd.com/film/v-for-vendetta/,3.5
2017-04-22,Harry Potter and the Goblet of Fire,2005,https://letterboxd.com/film/harry-potter-and-the-goblet-of-fire/,2
2017-04-22,Batman Begins,2005,https://letterboxd.com/film/batman-begins/,3
2017-04-22,Star Wars: Episode III - Revenge of the Sith,2005,https://letterboxd.com/film/star-wars-episode-iii-revenge-of-the-sith/,3.5
2017-04-22,Jack-Jack Attack,2005,https://letterboxd.com/film/jack-jack-attack/,2.5
2017-04-22,Howl's Moving Castle,2004,https://letterboxd.com/film/howls-moving-castle/,3.5
2017-04-22,The Incredibles,2004,https://letterboxd.com/film/the-incredibles/,5
2017-04-22,Anchorman: The Legend of Ron Burgundy,2004,https://letterboxd.com/film/anchorman-the-legend-of-ron-burgundy/,3.5
2017-04-22,Harry Potter and the Prisoner of Azkaban,2004,https://letterboxd.com/film/harry-potter-and-the-prisoner-of-azkaban/,2.5
2017-04-22,Mean Girls,2004,https://letterboxd.com/film/mean-girls/,3
2017-04-22,Eternal Sunshine of the Spotless Mind,2004,https://letterboxd.com/film/eternal-sunshine-of-the-spotless-mind/,4
2017-04-22,Super Size Me,2004,https://letterboxd.com/film/super-size-me/,2.5
2017-04-22,Dead Leaves,2004,https://letterboxd.com/film/dead-leaves/,3.5
2017-04-22,Tokyo Godfathers,2003,https://letterboxd.com/film/tokyo-godfathers/,4.5
2017-04-22,The Lord of the Rings: The Return of the King,2003,https://letterboxd.com/film/the-lord-of-the-rings-the-return-of-the-king/,4.5
2017-04-22,Master and Commander: The Far Side of the World,2003,https://letterboxd.com/film/master-and-commander-the-far-side-of-the-world/,4.5
2017-04-22,Boundin',2003,https://letterboxd.com/film/boundin/,3
2017-04-22,School of Rock,2003,https://letterboxd.com/film/school-of-rock/,3
2017-04-22,Pirates of the Caribbean: The Curse of the Black Pearl,2003,https://letterboxd.com/film/pirates-of-the-caribbean-the-curse-of-the-black-pearl/,3
2017-04-22,The Triplets of Belleville,2003,https://letterboxd.com/film/the-triplets-of-belleville/,3.5
2017-04-22,Finding Nemo,2003,https://letterboxd.com/film/finding-nemo/,3.5
2017-04-22,Chicago,2002,https://letterboxd.com/film/chicago/,4.5
2017-04-22,The Lord of the Rings: The Two Towers,2002,https://letterboxd.com/film/the-lord-of-the-rings-the-two-towers/,4.5
2017-04-22,Harry Potter and the Chamber of Secrets,2002,https://letterboxd.com/film/harry-potter-and-the-chamber-of-secrets/,2.5
2017-04-22,The Cat Returns,2002,https://letterboxd.com/film/the-cat-returns/,3
2017-04-22,Lilo & Stitch,2002,https://letterboxd.com/film/lilo-stitch/,2.5
2017-04-22,The Sum of All Fears,2002,https://letterboxd.com/film/the-sum-of-all-fears/,2
2017-04-22,Mike's New Car,2002,https://letterboxd.com/film/mikes-new-car/,2.5
2017-04-22,Star Wars: Episode II - Attack of the Clones,2002,https://letterboxd.com/film/star-wars-episode-ii-attack-of-the-clones/,1.5
2017-04-22,The Lord of the Rings: The Fellowship of the Ring,2001,https://letterboxd.com/film/the-lord-of-the-rings-the-fellowship-of-the-ring/,4
2017-04-22,A Beautiful Mind,2001,https://letterboxd.com/film/a-beautiful-mind/,3
2017-04-22,Ocean's Eleven,2001,https://letterboxd.com/film/oceans-eleven-2001/,4
2017-04-22,Harry Potter and the Philosopher's Stone,2001,https://letterboxd.com/film/harry-potter-and-the-philosophers-stone/,2
2017-04-22,"Monsters, Inc.",2001,https://letterboxd.com/film/monsters-inc/,3
2017-04-22,Cowboy Bebop: The Movie,2001,https://letterboxd.com/film/cowboy-bebop-the-movie/,4.5
2017-04-22,Spirited Away,2001,https://letterboxd.com/film/spirited-away/,4.5
2017-04-22,Shrek,2001,https://letterboxd.com/film/shrek/,3
2017-04-22,Amélie,2001,https://letterboxd.com/film/amelie/,3.5
2017-04-22,Donnie Darko,2001,https://letterboxd.com/film/donnie-darko/,4
2017-04-22,The Emperor's New Groove,2000,https://letterboxd.com/film/the-emperors-new-groove/,3
2017-04-22,For the Birds,2000,https://letterboxd.com/film/for-the-birds/,2.5
2017-04-22,American Psycho,2000,https://letterboxd.com/film/american-psycho/,5
2017-04-22,Jin-Roh: The Wolf Brigade,1999,https://letterboxd.com/film/jin-roh-the-wolf-brigade/,4
2017-04-22,Toy Story 2,1999,https://letterboxd.com/film/toy-story-2/,3.5
2017-04-22,Fight Club,1999,https://letterboxd.com/film/fight-club/,4.5
2017-04-22,The Iron Giant,1999,https://letterboxd.com/film/the-iron-giant/,3.5
2017-04-22,Star Wars: Episode I - The Phantom Menace,1999,https://letterboxd.com/film/star-wars-episode-i-the-phantom-menace/,2
2017-04-22,The Matrix,1999,https://letterboxd.com/film/the-matrix/,4
2017-04-22,The Truman Show,1998,https://letterboxd.com/film/the-truman-show/,4.5
2017-04-22,Wag the Dog,1997,https://letterboxd.com/film/wag-the-dog/,4
2017-04-22,Geri's Game,1997,https://letterboxd.com/film/geris-game/,3.5
2017-04-22,Starship Troopers,1997,https://letterboxd.com/film/starship-troopers/,4
2017-04-22,Gattaca,1997,https://letterboxd.com/film/gattaca/,4
2017-04-22,Neon Genesis Evangelion: The End of Evangelion,1997,https://letterboxd.com/film/neon-genesis-evangelion-the-end-of-evangelion/,5
2017-04-22,Princess Mononoke,1997,https://letterboxd.com/film/princess-mononoke/,4.5
2017-04-22,Perfect Blue,1997,https://letterboxd.com/film/perfect-blue/,5
2017-04-22,Men in Black,1997,https://letterboxd.com/film/men-in-black/,3
2017-04-22,The Fifth Element,1997,https://letterboxd.com/film/the-fifth-element/,3
2017-04-22,Neon Genesis Evangelion: Death and Rebirth,1997,https://letterboxd.com/film/neon-genesis-evangelion-death-and-rebirth/,2.5
2017-04-22,Independence Day,1996,https://letterboxd.com/film/independence-day/,3
2017-04-22,Ghost in the Shell,1995,https://letterboxd.com/film/ghost-in-the-shell/,4.5
2017-04-22,Toy Story,1995,https://letterboxd.com/film/toy-story/,4
2017-04-22,On Your Mark,1995,https://letterboxd.com/film/on-your-mark/,3.5
2017-04-22,Pocahontas,1995,https://letterboxd.com/film/pocahontas/,2.5
2017-04-22,Pulp Fiction,1994,https://letterboxd.com/film/pulp-fiction/,4.5
2017-04-22,Schindler's List,1993,https://letterboxd.com/film/schindlers-list/,2.5
2017-04-22,The Nightmare Before Christmas,1993,https://letterboxd.com/film/the-nightmare-before-christmas/,4
2017-04-22,Jurassic Park,1993,https://letterboxd.com/film/jurassic-park/,4
2017-04-22,Falling Down,1993,https://letterboxd.com/film/falling-down/,4.5
2017-04-22,Aladdin,1992,https://letterboxd.com/film/aladdin/,3.5
2017-04-22,Army of Darkness,1992,https://letterboxd.com/film/army-of-darkness/,4.5
2017-04-22,Porco Rosso,1992,https://letterboxd.com/film/porco-rosso/,4
2017-04-22,FernGully: The Last Rainforest,1992,https://letterboxd.com/film/ferngully-the-last-rainforest/,2.5
2017-04-22,Beauty and the Beast,1991,https://letterboxd.com/film/beauty-and-the-beast-1991/,2.5
2017-04-22,Terminator 2: Judgment Day,1991,https://letterboxd.com/film/terminator-2-judgment-day/,4
2017-04-22,Edward Scissorhands,1990,https://letterboxd.com/film/edward-scissorhands/,2.5
2017-04-22,Home Alone,1990,https://letterboxd.com/film/home-alone/,3
2017-04-22,Back to the Future Part III,1990,https://letterboxd.com/film/back-to-the-future-iii/,4
2017-04-22,Kiki's Delivery Service,1989,https://letterboxd.com/film/kikis-delivery-service/,3.5
2017-04-22,Indiana Jones and the Last Crusade,1989,https://letterboxd.com/film/indiana-jones-and-the-last-crusade/,3.5
2017-04-22,Knick Knack,1989,https://letterboxd.com/film/knick-knack/,2.5
2017-04-22,The Naked Gun: From the Files of Police Squad!,1988,https://letterboxd.com/film/the-naked-gun-from-the-files-of-police-squad/,4
2017-04-22,They Live,1988,https://letterboxd.com/film/they-live/,4
2017-04-22,The Thin Blue Line,1988,https://letterboxd.com/film/the-thin-blue-line/,4
2017-04-22,Akira,1988,https://letterboxd.com/film/akira/,4.5
2017-04-22,Die Hard,1988,https://letterboxd.com/film/die-hard/,4
2017-04-22,Grave of the Fireflies,1988,https://letterboxd.com/film/grave-of-the-fireflies/,3.5
2017-04-22,My Neighbor Totoro,1988,https://letterboxd.com/film/my-neighbor-totoro/,3.5
2017-04-22,The Princess Bride,1987,https://letterboxd.com/film/the-princess-bride/,4
2017-04-22,Full Metal Jacket,1987,https://letterboxd.com/film/full-metal-jacket/,4.5
2017-04-22,Spaceballs,1987,https://letterboxd.com/film/spaceballs/,3.5
2017-04-22,Royal Space Force - The Wings Of Honneamise,1987,https://letterboxd.com/film/royal-space-force-the-wings-of-honneamise/,3.5
2017-04-22,Castle in the Sky,1986,https://letterboxd.com/film/castle-in-the-sky/,4
2017-04-22,Ferris Bueller's Day Off,1986,https://letterboxd.com/film/ferris-buellers-day-off/,4.5
2017-04-22,Angel's Egg,1985,https://letterboxd.com/film/angels-egg/,3.5
2017-04-22,Back to the Future,1985,https://letterboxd.com/film/back-to-the-future/,4
2017-04-22,Brazil,1985,https://letterboxd.com/film/brazil/,5
2017-04-22,The Adventures of André and Wally B.,1984,https://letterboxd.com/film/the-adventures-of-andre-and-wally-b/,3
2017-04-22,The Terminator,1984,https://letterboxd.com/film/the-terminator/,4
2017-04-22,Ghostbusters,1984,https://letterboxd.com/film/ghostbusters/,3.5
2017-04-22,Indiana Jones and the Temple of Doom,1984,https://letterboxd.com/film/indiana-jones-and-the-temple-of-doom/,3.5
2017-04-22,The NeverEnding Story,1984,https://letterboxd.com/film/the-neverending-story/,3.5
2017-04-22,Nausicaä of the Valley of the Wind,1984,https://letterboxd.com/film/nausicaa-of-the-valley-of-the-wind/,3.5
2017-04-22,Trading Places,1983,https://letterboxd.com/film/trading-places/,3
2017-04-22,Return of the Jedi,1983,https://letterboxd.com/film/return-of-the-jedi/,4
2017-04-22,Pink Floyd: The Wall,1982,https://letterboxd.com/film/pink-floyd-the-wall/,4.5
2017-04-22,Blade Runner,1982,https://letterboxd.com/film/blade-runner/,4.5
2017-04-22,E.T. the Extra-Terrestrial,1982,https://letterboxd.com/film/et-the-extra-terrestrial/,4
2017-04-22,History of the World: Part I,1981,https://letterboxd.com/film/history-of-the-world-part-i/,3.5
2017-04-22,Raiders of the Lost Ark,1981,https://letterboxd.com/film/raiders-of-the-lost-ark/,4.5
2017-04-22,Airplane!,1980,https://letterboxd.com/film/airplane/,5
2017-04-22,The Shining,1980,https://letterboxd.com/film/the-shining/,5
2017-04-22,The Empire Strikes Back,1980,https://letterboxd.com/film/the-empire-strikes-back/,4.5
2017-04-22,Life of Brian,1979,https://letterboxd.com/film/life-of-brian/,3.5
2017-04-22,Apocalypse Now,1979,https://letterboxd.com/film/apocalypse-now/,5
2017-04-22,Alien,1979,https://letterboxd.com/film/alien/,4
2017-04-22,Watership Down,1978,https://letterboxd.com/film/watership-down/,3.5
2017-04-22,Close Encounters of the Third Kind,1977,https://letterboxd.com/film/close-encounters-of-the-third-kind/,3.5
2017-04-22,Star Wars,1977,https://letterboxd.com/film/star-wars/,4
2017-04-22,Rocky,1976,https://letterboxd.com/film/rocky/,3
2017-04-22,Taxi Driver,1976,https://letterboxd.com/film/taxi-driver/,3.5
2017-04-22,Barry Lyndon,1975,https://letterboxd.com/film/barry-lyndon/,5
2017-04-22,Monty Python and the Holy Grail,1975,https://letterboxd.com/film/monty-python-and-the-holy-grail/,4
2017-04-22,Young Frankenstein,1974,https://letterboxd.com/film/young-frankenstein/,4
2017-04-22,Blazing Saddles,1974,https://letterboxd.com/film/blazing-saddles/,3.5
2017-04-22,Touki Bouki,1973,https://letterboxd.com/film/touki-bouki/,3
2017-04-22,The Godfather,1972,https://letterboxd.com/film/the-godfather/,5
2017-04-22,A Clockwork Orange,1971,https://letterboxd.com/film/a-clockwork-orange/,4.5
2017-04-22,The Aristocats,1970,https://letterboxd.com/film/the-aristocats/,3.5
2017-04-22,All Monsters Attack,1969,https://letterboxd.com/film/all-monsters-attack/,2.5
2017-04-22,Frosty the Snowman,1969,https://letterboxd.com/film/frosty-the-snowman/,2.5
2017-04-22,The Jungle Book,1967,https://letterboxd.com/film/the-jungle-book/,3
2017-04-22,Au Hasard Balthazar,1966,https://letterboxd.com/film/au-hasard-balthazar/,4.5
2017-04-22,A Charlie Brown Christmas,1965,https://letterboxd.com/film/a-charlie-brown-christmas/,4
2017-04-22,The Sound of Music,1965,https://letterboxd.com/film/the-sound-of-music/,3.5
2017-04-22,Le Bonheur,1965,https://letterboxd.com/film/le-bonheur/,4.5
2017-04-22,Mothra vs. Godzilla,1964,https://letterboxd.com/film/mothra-vs-godzilla/,3
2017-04-22,Dr. Strangelove or: How I Learned to Stop Worrying and Love the Bomb,1964,https://letterboxd.com/film/dr-strangelove-or-how-i-learned-to-stop-worrying-and-love-the-bomb/,5
2017-04-22,Zulu,1964,https://letterboxd.com/film/zulu/,3.5
2017-04-22,The Birds,1963,https://letterboxd.com/film/the-birds/,3
2017-04-22,La Jetée,1962,https://letterboxd.com/film/la-jetee/,4.5
2017-04-22,Mothra,1961,https://letterboxd.com/film/mothra/,3.5
2017-04-22,Psycho,1960,https://letterboxd.com/film/psycho/,4
2017-04-22,The Bridge on the River Kwai,1957,https://letterboxd.com/film/the-bridge-on-the-river-kwai/,4.5
2017-04-22,"Godzilla, King of the Monsters!",1956,https://letterboxd.com/film/godzilla-king-of-the-monsters/,3
2017-04-22,The Searchers,1956,https://letterboxd.com/film/the-searchers/,4.5
2017-04-22,Godzilla,1954,https://letterboxd.com/film/godzilla/,3.5
2017-04-22,Day of the Fight,1951,https://letterboxd.com/film/day-of-the-fight/,3
2017-04-22,It's a Wonderful Life,1946,https://letterboxd.com/film/its-a-wonderful-life/,4
2017-04-22,Fantasia,1940,https://letterboxd.com/film/fantasia/,4
2017-04-22,King Kong,1933,https://letterboxd.com/film/king-kong/,4
2017-04-22,Sallie Gardner at a Gallop,1878,https://letterboxd.com/film/sallie-gardner-at-a-gallop/,2.5
2017-04-22,Eraserhead,1977,https://letterboxd.com/film/eraserhead/,4.5
2017-04-23,The Big Lebowski,1998,https://letterboxd.com/film/the-big-lebowski/,5
2017-04-23,James and the Giant Peach,1996,https://letterboxd.com/film/james-and-the-giant-peach/,3
2017-04-23,Matilda,1996,https://letterboxd.com/film/matilda/,2.5
2017-04-23,The Hunchback of Notre Dame,1996,https://letterboxd.com/film/the-hunchback-of-notre-dame-1996/,2.5
2017-04-23,Solaris,2002,https://letterboxd.com/film/solaris-2002/,3
2017-04-24,Godzilla Against MechaGodzilla,2002,https://letterboxd.com/film/godzilla-against-mechagodzilla/,2
2017-04-24,Hush,2016,https://letterboxd.com/film/hush-2016/,2
2017-04-24,The Thing,1982,https://letterboxd.com/film/the-thing/,5
2017-04-24,Powers of Ten,1977,https://letterboxd.com/film/powers-of-ten/,3
2017-04-25,Bee Movie,2007,https://letterboxd.com/film/bee-movie/,0.5
2017-04-25,The Holy Mountain,1973,https://letterboxd.com/film/the-holy-mountain/,5
2017-04-26,Man of Steel,2013,https://letterboxd.com/film/man-of-steel/,3.5
2017-04-26,Suicide Squad,2016,https://letterboxd.com/film/suicide-squad-2016/,1.5
2017-04-27,Oldboy,2003,https://letterboxd.com/film/oldboy/,4.5
2017-04-27,Come Together,2016,https://letterboxd.com/film/come-together-2016/,3.5
2017-04-27,Bottle Rocket,1994,https://letterboxd.com/film/bottle-rocket/,2.5
2017-04-27,Moonrise Kingdom,2012,https://letterboxd.com/film/moonrise-kingdom/,3.5
2017-04-27,The Incredible Hulk,2008,https://letterboxd.com/film/the-incredible-hulk/,1
2017-04-27,Iron Man 3,2013,https://letterboxd.com/film/iron-man-3/,1
2017-04-27,Thor,2011,https://letterboxd.com/film/thor/,1
2017-04-27,Captain America: Civil War,2016,https://letterboxd.com/film/captain-america-civil-war/,0.5
2017-04-28,Paperman,2012,https://letterboxd.com/film/paperman/,4
2017-04-28,Doodlebug,1997,https://letterboxd.com/film/doodlebug/,3
2017-04-28,Naked Lunch,1991,https://letterboxd.com/film/naked-lunch/,3.5
2017-04-28,Oklahoma City,2017,https://letterboxd.com/film/oklahoma-city/,1.5
2017-04-29,A Noble Lie: Oklahoma City 1995,2011,https://letterboxd.com/film/a-noble-lie-oklahoma-city-1995/,3
2017-04-30,Killer Klowns from Outer Space,1988,https://letterboxd.com/film/killer-klowns-from-outer-space/,2.5
2017-05-03,Hot Fuzz,2007,https://letterboxd.com/film/hot-fuzz/,4
2017-05-04,Shaun of the Dead,2004,https://letterboxd.com/film/shaun-of-the-dead/,4
2017-05-05,Train to Busan,2016,https://letterboxd.com/film/train-to-busan/,4
2017-05-06,Primer,2004,https://letterboxd.com/film/primer/,4.5
2017-05-06,Watchmen,2009,https://letterboxd.com/film/watchmen/,4
2017-05-07,Zootopia,2016,https://letterboxd.com/film/zootopia/,2.5
2017-05-07,We're Back! A Dinosaur's Story,1993,https://letterboxd.com/film/were-back-a-dinosaurs-story/,2
2017-05-09,Heathers,1988,https://letterboxd.com/film/heathers/,3
2017-05-21,12 Angry Men,1957,https://letterboxd.com/film/12-angry-men/,4.5
2017-05-21,Vertigo,1958,https://letterboxd.com/film/vertigo/,4.5
2017-05-21,Room 237,2012,https://letterboxd.com/film/room-237/,2.5
2017-05-21,Tickled,2016,https://letterboxd.com/film/tickled/,3.5
2017-05-23,Chappie,2015,https://letterboxd.com/film/chappie/,2
2017-05-23,Goodnight Mommy,2014,https://letterboxd.com/film/goodnight-mommy/,3.5
2017-05-23,The Void,2016,https://letterboxd.com/film/the-void-2016/,3.5
2017-05-23,Sound of My Voice,2011,https://letterboxd.com/film/sound-of-my-voice/,4
2017-05-23,Good Burger,1997,https://letterboxd.com/film/good-burger/,2.5
2017-05-23,Downfall,2004,https://letterboxd.com/film/downfall/,3.5
2017-05-24,Grease,1978,https://letterboxd.com/film/grease/,3
2017-05-24,The Lobster,2015,https://letterboxd.com/film/the-lobster/,4.5
2017-05-25,Escape from New York,1981,https://letterboxd.com/film/escape-from-new-york/,4
2017-05-25,The Lego Batman Movie,2017,https://letterboxd.com/film/the-lego-batman-movie/,3.5
2017-05-25,[REC],2007,https://letterboxd.com/film/rec/,3.5
2017-05-25,Mary and Max,2009,https://letterboxd.com/film/mary-and-max/,4
2017-05-25,The Wrong Trousers,1993,https://letterboxd.com/film/the-wrong-trousers/,4
2017-05-25,Stop Making Sense,1984,https://letterboxd.com/film/stop-making-sense/,5
2017-05-25,Re-Animator,1985,https://letterboxd.com/film/re-animator/,3
2017-05-27,Shutter Island,2010,https://letterboxd.com/film/shutter-island/,3.5
2017-05-27,Star Wars: The Force Awakens,2015,https://letterboxd.com/film/star-wars-the-force-awakens/,1
2017-05-28,Seven Samurai,1954,https://letterboxd.com/film/seven-samurai/,5
2017-05-28,Blue Velvet,1986,https://letterboxd.com/film/blue-velvet/,4
2017-05-28,In the Mouth of Madness,1994,https://letterboxd.com/film/in-the-mouth-of-madness/,3
2017-05-28,The Darjeeling Limited,2007,https://letterboxd.com/film/the-darjeeling-limited/,4
2017-05-28,WarGames,1983,https://letterboxd.com/film/wargames/,3
2017-05-28,Birdman,2014,https://letterboxd.com/film/birdman/,1
2017-05-28,The Fly,1986,https://letterboxd.com/film/the-fly-1986/,4.5
2017-05-29,Mad Max,1979,https://letterboxd.com/film/mad-max/,2.5
2017-05-30,Millennium Actress,2001,https://letterboxd.com/film/millennium-actress/,4.5
2017-05-30,The Witch,2015,https://letterboxd.com/film/the-witch-2015/,3
2017-05-31,Johnny Got His Gun,1971,https://letterboxd.com/film/johnny-got-his-gun/,4
2017-05-31,Threads,1984,https://letterboxd.com/film/threads/,4
2017-05-31,Guardians of the Galaxy,2014,https://letterboxd.com/film/guardians-of-the-galaxy/,1
2017-06-01,Aliens,1986,https://letterboxd.com/film/aliens/,3.5
2017-06-01,Only God Forgives,2013,https://letterboxd.com/film/only-god-forgives/,4.5
2017-06-03,Alien³,1992,https://letterboxd.com/film/alien-3/,3
2017-06-03,Alien: Resurrection,1997,https://letterboxd.com/film/alien-resurrection/,1
2017-06-04,Prometheus,2012,https://letterboxd.com/film/prometheus/,2.5
2017-06-04,Raw,2016,https://letterboxd.com/film/raw-2016/,3.5
2017-06-04,Nosferatu,1922,https://letterboxd.com/film/nosferatu/,3.5
2017-06-04,Predator,1987,https://letterboxd.com/film/predator/,5
2017-06-05,Clue,1985,https://letterboxd.com/film/clue/,4
2017-06-05,Battleship,2012,https://letterboxd.com/film/battleship/,1.5
2017-06-05,Jodorowsky's Dune,2013,https://letterboxd.com/film/jodorowskys-dune/,3.5
2017-06-05,Predator 2,1990,https://letterboxd.com/film/predator-2/,3.5
2017-06-06,To Be or Not to Be,1942,https://letterboxd.com/film/to-be-or-not-to-be/,4
2017-06-06,Mad Max 2: The Road Warrior,1981,https://letterboxd.com/film/mad-max-2-the-road-warrior/,4
2017-06-06,The Blair Witch Project,1999,https://letterboxd.com/film/the-blair-witch-project/,2.5
2017-06-06,Big Trouble in Little China,1986,https://letterboxd.com/film/big-trouble-in-little-china/,4
2017-06-07,The Blues Brothers,1980,https://letterboxd.com/film/the-blues-brothers/,4
2017-06-07,The Blob,1988,https://letterboxd.com/film/the-blob-1988/,3.5
2017-06-07,Mad Max Beyond Thunderdome,1985,https://letterboxd.com/film/mad-max-beyond-thunderdome/,2.5
2017-06-08,A Serbian Film,2010,https://letterboxd.com/film/a-serbian-film/,1.5
2017-06-08,Audition,1999,https://letterboxd.com/film/audition/,3
2017-06-09,Wonder Woman,2017,https://letterboxd.com/film/wonder-woman-2017/,3
2017-06-10,The Lure,2015,https://letterboxd.com/film/the-lure/,2.5
2017-06-10,The Angry Birds Movie,2016,https://letterboxd.com/film/the-angry-birds-movie/,2.5
2017-06-10,Hotel Chevalier,2007,https://letterboxd.com/film/hotel-chevalier/,3
2017-06-12,Dogtooth,2009,https://letterboxd.com/film/dogtooth/,4
2017-06-12,High and Low,1963,https://letterboxd.com/film/high-and-low/,5
2017-06-12,Grand Illusion,1937,https://letterboxd.com/film/grand-illusion/,4.5
2017-06-12,The Neon Demon,2016,https://letterboxd.com/film/the-neon-demon/,4.5
2017-06-13,Life,2017,https://letterboxd.com/film/life-2017/,2.5
2017-06-13,A Boy and His Dog,1975,https://letterboxd.com/film/a-boy-and-his-dog/,3
2017-06-13,"Godzilla, Mothra and King Ghidorah: Giant Monsters All-Out Attack",2001,https://letterboxd.com/film/godzilla-mothra-and-king-ghidorah-giant-monsters-all-out-attack/,3
2017-06-13,"Ghidorah, the Three-Headed Monster",1964,https://letterboxd.com/film/ghidorah-the-three-headed-monster/,3.5
2017-06-13,The Texas Chain Saw Massacre,1974,https://letterboxd.com/film/the-texas-chain-saw-massacre/,4.5
2017-06-14,The Lady Vanishes,1938,https://letterboxd.com/film/the-lady-vanishes/,4
2017-06-14,No Country for Old Men,2007,https://letterboxd.com/film/no-country-for-old-men/,4.5
2017-06-14,Amarcord,1973,https://letterboxd.com/film/amarcord/,3
2017-06-14,Kingsman: The Secret Service,2014,https://letterboxd.com/film/kingsman-the-secret-service/,3
2017-06-14,Land of the Dead,2005,https://letterboxd.com/film/land-of-the-dead/,2
2017-06-14,Kizumonogatari Part 2: Nekketsu,2016,https://letterboxd.com/film/kizumonogatari-part-2-nekketsu/,4.5
2017-06-16,Tetsuo: The Iron Man,1989,https://letterboxd.com/film/tetsuo-the-iron-man/,3.5
2017-06-16,Whiplash,2014,https://letterboxd.com/film/whiplash-2014/,5
2017-06-17,Tusk,2014,https://letterboxd.com/film/tusk-2014/,1
2017-06-17,Rushmore,1998,https://letterboxd.com/film/rushmore/,4.5
2017-06-17,The 400 Blows,1959,https://letterboxd.com/film/the-400-blows/,3.5
2017-06-17,Cellular,2004,https://letterboxd.com/film/cellular/,3
2017-06-17,Stand and Deliver,1988,https://letterboxd.com/film/stand-and-deliver/,3
2017-06-18,Beauty and the Beast,1946,https://letterboxd.com/film/beauty-and-the-beast/,4
2017-06-18,Network,1976,https://letterboxd.com/film/network/,5
2017-06-19,Das Boot,1981,https://letterboxd.com/film/das-boot/,5
2017-06-19,The Life Aquatic with Steve Zissou,2004,https://letterboxd.com/film/the-life-aquatic-with-steve-zissou/,4.5
2017-06-19,Blame!,2017,https://letterboxd.com/film/blame-2017/,2.5
2017-06-24,The Royal Tenenbaums,2001,https://letterboxd.com/film/the-royal-tenenbaums/,3.5
2017-06-24,The Secret Life of Pets,2016,https://letterboxd.com/film/the-secret-life-of-pets/,1.5
2017-06-24,The Sixth Sense,1999,https://letterboxd.com/film/the-sixth-sense/,4
2017-06-24,Haunter,2013,https://letterboxd.com/film/haunter/,3
2017-07-01,AM1200,2008,https://letterboxd.com/film/am1200/,3
2017-08-06,The Phantom of the Opera,2004,https://letterboxd.com/film/the-phantom-of-the-opera-2004/,3
2017-08-15,Alien: Covenant,2017,https://letterboxd.com/film/alien-covenant/,2.5
2017-08-25,Code Geass: Akito the Exiled 1: The Wyvern Arrives,2012,https://letterboxd.com/film/code-geass-akito-the-exiled-1-the-wyvern-arrives/,2
2017-08-25,Code Geass: Akito the Exiled 2: The Wyvern Divided,2013,https://letterboxd.com/film/code-geass-akito-the-exiled-2-the-wyvern-divided/,2
2017-08-27,The SpongeBob SquarePants Movie,2004,https://letterboxd.com/film/the-spongebob-squarepants-movie/,3
2017-08-27,Enter the Void,2009,https://letterboxd.com/film/enter-the-void/,4
2017-08-28,"Sherlock, Jr.",1924,https://letterboxd.com/film/sherlock-jr/,3.5
2017-08-29,Code Geass: Akito the Exiled 3: The Brightness Falls,2015,https://letterboxd.com/film/code-geass-akito-the-exiled-3-the-brightness-falls/,1.5
2017-08-29,Police Story,1985,https://letterboxd.com/film/police-story/,3.5
2017-09-01,Green Room,2015,https://letterboxd.com/film/green-room/,2.5
2017-09-01,A Dark Song,2016,https://letterboxd.com/film/a-dark-song/,4
2017-09-01,Prince of Darkness,1987,https://letterboxd.com/film/prince-of-darkness/,3.5
2017-09-04,Dagon,2001,https://letterboxd.com/film/dagon/,3
2017-09-05,Code Geass: Akito the Exiled 4: Memories of Hatred,2015,https://letterboxd.com/film/code-geass-akito-the-exiled-4-memories-of-hatred/,2
2017-09-06,The World's End,2013,https://letterboxd.com/film/the-worlds-end/,4
2017-09-07,Indoctrinate U,2007,https://letterboxd.com/film/indoctrinate-u/,3
2017-09-07,2081,2009,https://letterboxd.com/film/2081/,3
2017-09-09,House,1977,https://letterboxd.com/film/house/,3.5
2017-09-10,Kizumonogatari Part 3: Reiketsu,2017,https://letterboxd.com/film/kizumonogatari-part-3-reiketsu/,4
2017-09-10,My Dinner with André,1981,https://letterboxd.com/film/my-dinner-with-andre/,4.5
2017-09-11,One Point O,2004,https://letterboxd.com/film/one-point-o/,2.5
2017-09-12,Exam,2009,https://letterboxd.com/film/exam/,2.5
2017-09-13,Code Geass: Akito the Exiled 5: To Beloved Ones,2016,https://letterboxd.com/film/code-geass-akito-the-exiled-5-to-beloved-ones/,1
2017-09-15,Carnage,2011,https://letterboxd.com/film/carnage/,4
2017-09-16,Baby Driver,2017,https://letterboxd.com/film/baby-driver/,3.5
2017-09-17,The Autopsy of Jane Doe,2016,https://letterboxd.com/film/the-autopsy-of-jane-doe/,2
2017-09-19,American Beauty,1999,https://letterboxd.com/film/american-beauty/,5
2017-09-21,Chicken Run,2000,https://letterboxd.com/film/chicken-run/,3
2017-09-22,Stargate,1994,https://letterboxd.com/film/stargate/,3.5
2017-09-23,Stephen King's It,1990,https://letterboxd.com/film/stephen-kings-it/,2
2017-09-23,The Prestige,2006,https://letterboxd.com/film/the-prestige/,4
2017-09-24,Event Horizon,1997,https://letterboxd.com/film/event-horizon/,3
2017-09-25,Anti Matter,2016,https://letterboxd.com/film/anti-matter/,3
2017-09-26,The Borderlands,2013,https://letterboxd.com/film/the-borderlands/,3
2017-09-26,Her,2013,https://letterboxd.com/film/her/,5
2017-09-27,Lost in Translation,2003,https://letterboxd.com/film/lost-in-translation/,4
2017-09-28,Gunbuster,1988,https://letterboxd.com/film/gunbuster/,3.5
2017-09-28,Aim for the Top 2! Diebuster,2004,https://letterboxd.com/film/aim-for-the-top-2-diebuster/,3
2017-09-29,Made of Imagination,2012,https://letterboxd.com/film/made-of-imagination/,2
2017-09-29,Cousin Ben Troop Screening,2012,https://letterboxd.com/film/cousin-ben-troop-screening/,2.5
2017-09-29,Castello Cavalcanti,2013,https://letterboxd.com/film/castello-cavalcanti/,3.5
2017-09-29,Prada: Candy,2013,https://letterboxd.com/film/prada-candy/,2
2017-09-29,Do You Like to Read?,2012,https://letterboxd.com/film/do-you-like-to-read/,2.5
2017-09-29,120 Seconds to Get Elected,2006,https://letterboxd.com/film/120-seconds-to-get-elected/,1.5
2017-09-29,2036: Nexus Dawn,2017,https://letterboxd.com/film/2036-nexus-dawn/,2.5
2017-09-29,2048: Nowhere to Run,2017,https://letterboxd.com/film/2048-nowhere-to-run/,2.5
2017-09-29,Blade Runner: Black Out 2022,2017,https://letterboxd.com/film/blade-runner-black-out-2022/,3.5
2017-09-29,Whisper of the Heart,1995,https://letterboxd.com/film/whisper-of-the-heart/,3.5
2017-09-29,From Up on Poppy Hill,2011,https://letterboxd.com/film/from-up-on-poppy-hill/,4
2017-09-29,Giant God Warrior Appears in Tokyo,2012,https://letterboxd.com/film/giant-god-warrior-appears-in-tokyo/,2.5
2017-09-29,The Garden of Sinners - Chapter 1: Overlooking View,2007,https://letterboxd.com/film/the-garden-of-sinners-chapter-1-overlooking-view/,3
2017-09-29,Death Billiards,2013,https://letterboxd.com/film/death-billiards/,3.5
2017-09-29,Appleseed,2004,https://letterboxd.com/film/appleseed-2004/,2
2017-09-29,Appleseed Alpha,2014,https://letterboxd.com/film/appleseed-alpha/,2
2017-09-29,Appleseed,1988,https://letterboxd.com/film/appleseed/,2.5
2017-09-29,The Lost City of Z,2016,https://letterboxd.com/film/the-lost-city-of-z/,3.5
2017-10-01,Wheels on Meals,1984,https://letterboxd.com/film/wheels-on-meals/,3
2017-10-01,Natural Born Killers,1994,https://letterboxd.com/film/natural-born-killers/,4
2017-10-03,The Evil Dead,1981,https://letterboxd.com/film/the-evil-dead/,3.5
2017-10-03,Evil Dead II,1987,https://letterboxd.com/film/evil-dead-ii/,4.5
2017-10-04,Bug,2006,https://letterboxd.com/film/bug-2006/,3.5
2017-10-06,Dead Ringers,1988,https://letterboxd.com/film/dead-ringers/,3.5
2017-10-06,The Host,2006,https://letterboxd.com/film/the-host/,3
2017-10-07,The Shawshank Redemption,1994,https://letterboxd.com/film/the-shawshank-redemption/,4
2017-10-08,The Cabinet of Dr. Caligari,1920,https://letterboxd.com/film/the-cabinet-of-dr-caligari-1920/,4
2017-10-08,Europa Europa,1991,https://letterboxd.com/film/europa-europa/,3.5
2017-10-08,The Real Secrets Hidden in Antarctica... Revealed,2017,https://letterboxd.com/film/the-real-secrets-hidden-in-antarctica-revealed/,3
2017-10-08,Jeepers Creepers,2001,https://letterboxd.com/film/jeepers-creepers/,3.5
2017-10-09,Planet of the Apes,1968,https://letterboxd.com/film/planet-of-the-apes/,3
2017-10-09,Willy Wonka & the Chocolate Factory,1971,https://letterboxd.com/film/willy-wonka-the-chocolate-factory/,4
2017-10-09,The Land Before Time,1988,https://letterboxd.com/film/the-land-before-time/,2.5
2017-10-09,The Lion King,1994,https://letterboxd.com/film/the-lion-king/,3
2017-10-09,Home Alone 2: Lost in New York,1992,https://letterboxd.com/film/home-alone-2-lost-in-new-york/,2.5
2017-10-09,The Santa Clause,1994,https://letterboxd.com/film/the-santa-clause/,1.5
2017-10-09,Jumanji,1995,https://letterboxd.com/film/jumanji/,2.5
2017-10-09,The Lost World: Jurassic Park,1997,https://letterboxd.com/film/the-lost-world-jurassic-park/,3.5
2017-10-09,A Bug's Life,1998,https://letterboxd.com/film/a-bugs-life/,2
2017-10-09,Jurassic Park III,2001,https://letterboxd.com/film/jurassic-park-iii/,3
2017-10-09,Atlantis: The Lost Empire,2001,https://letterboxd.com/film/atlantis-the-lost-empire/,3.5
2017-10-09,How the Grinch Stole Christmas,2000,https://letterboxd.com/film/how-the-grinch-stole-christmas-2000/,2
2017-10-09,Spy Kids,2001,https://letterboxd.com/film/spy-kids/,2
2017-10-09,Shrek 2,2004,https://letterboxd.com/film/shrek-2/,2
2017-10-09,Shrek the Third,2007,https://letterboxd.com/film/shrek-the-third/,1.5
2017-10-09,Shrek Forever After,2010,https://letterboxd.com/film/shrek-forever-after/,1.5
2017-10-09,Jimmy Neutron: Boy Genius,2001,https://letterboxd.com/film/jimmy-neutron-boy-genius/,2
2017-10-09,Holes,2003,https://letterboxd.com/film/holes/,2.5
2017-10-09,Treasure Planet,2002,https://letterboxd.com/film/treasure-planet/,3.5
2017-10-09,Pirates of the Caribbean: At World's End,2007,https://letterboxd.com/film/pirates-of-the-caribbean-at-worlds-end/,2
2017-10-09,Pirates of the Caribbean: On Stranger Tides,2011,https://letterboxd.com/film/pirates-of-the-caribbean-on-stranger-tides/,2
2017-10-09,Monster House,2006,https://letterboxd.com/film/monster-house/,1.5
2017-10-09,Flushed Away,2006,https://letterboxd.com/film/flushed-away/,1.5
2017-10-09,Charlotte's Web,2006,https://letterboxd.com/film/charlottes-web-2006/,2
2017-10-09,Spider-Man 3,2007,https://letterboxd.com/film/spider-man-3/,2.5
2017-10-09,National Treasure: Book of Secrets,2007,https://letterboxd.com/film/national-treasure-book-of-secrets/,2
2017-10-09,National Treasure,2004,https://letterboxd.com/film/national-treasure/,3
2017-10-09,Coraline,2009,https://letterboxd.com/film/coraline/,4
2017-10-09,Paul Blart: Mall Cop,2009,https://letterboxd.com/film/paul-blart-mall-cop/,1.5
2017-10-09,Journey to the Center of the Earth,2008,https://letterboxd.com/film/journey-to-the-center-of-the-earth-2008/,1
2017-10-09,Madagascar: Escape 2 Africa,2008,https://letterboxd.com/film/madagascar-escape-2-africa/,1.5
2017-10-09,Bolt,2008,https://letterboxd.com/film/bolt/,2
2017-10-09,Night at the Museum: Battle of the Smithsonian,2009,https://letterboxd.com/film/night-at-the-museum-battle-of-the-smithsonian/,1.5
2017-10-09,G-Force,2009,https://letterboxd.com/film/g-force/,1
2017-10-09,Percy Jackson & the Olympians: The Lightning Thief,2010,https://letterboxd.com/film/percy-jackson-the-olympians-the-lightning-thief/,1
2017-10-09,Megamind,2010,https://letterboxd.com/film/megamind/,3
2017-10-09,Kung Fu Panda 2,2011,https://letterboxd.com/film/kung-fu-panda-2/,1.5
2017-10-09,Green Lantern,2011,https://letterboxd.com/film/green-lantern/,1
2017-10-09,Rise of the Planet of the Apes,2011,https://letterboxd.com/film/rise-of-the-planet-of-the-apes/,3
2017-10-09,The Lorax,2012,https://letterboxd.com/film/the-lorax-2012/,2.5
2017-10-09,The Dictator,2012,https://letterboxd.com/film/the-dictator-2012/,2.5
2017-10-09,Men in Black II,2002,https://letterboxd.com/film/men-in-black-ii/,2.5
2017-10-09,Men in Black 3,2012,https://letterboxd.com/film/men-in-black-3/,2
2017-10-09,The Wolverine,2013,https://letterboxd.com/film/the-wolverine/,2.5
2017-10-09,Elf,2003,https://letterboxd.com/film/elf/,2
2017-10-09,"Rudolph, the Red-Nosed Reindeer",1964,https://letterboxd.com/film/rudolph-the-red-nosed-reindeer/,3
2017-10-09,How the Grinch Stole Christmas!,1966,https://letterboxd.com/film/how-the-grinch-stole-christmas/,4
2017-10-09,The Polar Express,2004,https://letterboxd.com/film/the-polar-express/,2.5
2017-10-09,Rudolph the Red-Nosed Reindeer & the Island of Misfit Toys,2001,https://letterboxd.com/film/rudolph-the-red-nosed-reindeer-the-island-of-misfit-toys/,2
2017-10-09,Rudolph's Shiny New Year,1976,https://letterboxd.com/film/rudolphs-shiny-new-year/,2
2017-10-09,Rudolph and Frosty's Christmas in July,1979,https://letterboxd.com/film/rudolph-and-frostys-christmas-in-july/,2
2017-10-09,Santa Claus Is Comin' to Town,1970,https://letterboxd.com/film/santa-claus-is-comin-to-town/,2.5
2017-10-09,The Year Without a Santa Claus,1974,https://letterboxd.com/film/the-year-without-a-santa-claus/,3
2017-10-09,Jack Frost,1979,https://letterboxd.com/film/jack-frost-1979/,2.5
2017-10-09,The Adventures of Sharkboy and Lavagirl,2005,https://letterboxd.com/film/the-adventures-of-sharkboy-and-lavagirl/,1.5
2017-10-09,Jeepers Creepers 2,2003,https://letterboxd.com/film/jeepers-creepers-2/,2
2017-10-10,From Beyond,1986,https://letterboxd.com/film/from-beyond/,3.5
2017-10-11,Assaulted: Civil Rights Under Fire,2013,https://letterboxd.com/film/assaulted-civil-rights-under-fire/,3
2017-10-11,Escape,1937,https://letterboxd.com/film/escape-1937/,2.5
2017-10-12,The Thing,2011,https://letterboxd.com/film/the-thing-2011/,1.5
2017-10-12,The Core,2003,https://letterboxd.com/film/the-core/,2
2017-10-12,Wind River,2017,https://letterboxd.com/film/wind-river-2017/,3.5
2017-10-13,Bill & Ted's Excellent Adventure,1989,https://letterboxd.com/film/bill-teds-excellent-adventure/,3.5
2017-10-13,Airplane II: The Sequel,1982,https://letterboxd.com/film/airplane-ii-the-sequel/,2.5
2017-10-13,The Naked Gun 2½: The Smell of Fear,1991,https://letterboxd.com/film/the-naked-gun-2-the-smell-of-fear/,3.5
2017-10-15,Night of the Living Dead,1968,https://letterboxd.com/film/night-of-the-living-dead/,4
2017-10-15,Dawn of the Dead,1978,https://letterboxd.com/film/dawn-of-the-dead/,4
2017-10-16,Day of the Dead,1985,https://letterboxd.com/film/day-of-the-dead/,3
2017-10-16,Don't,2007,https://letterboxd.com/film/dont/,3
2017-10-16,"It's a Mad, Mad, Mad, Mad World",1963,https://letterboxd.com/film/its-a-mad-mad-mad-mad-world/,4
2017-10-16,Romeo + Juliet,1996,https://letterboxd.com/film/romeo-juliet-1996/,2
2017-10-16,Of Mice and Men,1992,https://letterboxd.com/film/of-mice-and-men-1992/,2.5
2017-10-16,Osmosis Jones,2001,https://letterboxd.com/film/osmosis-jones/,2
2017-10-16,Lifeforce,1985,https://letterboxd.com/film/lifeforce/,3
2017-10-17,The Texas Chainsaw Massacre 2,1986,https://letterboxd.com/film/the-texas-chainsaw-massacre-2/,3.5
2017-10-18,Necronomicon,1993,https://letterboxd.com/film/necronomicon/,3
2017-10-18,Cube,1997,https://letterboxd.com/film/cube/,3
2017-10-18,Robin Hood: Men in Tights,1993,https://letterboxd.com/film/robin-hood-men-in-tights/,3.5
2017-10-18,The Return of the Living Dead,1985,https://letterboxd.com/film/the-return-of-the-living-dead/,3.5
2017-10-19,Beyond the Black Rainbow,2010,https://letterboxd.com/film/beyond-the-black-rainbow/,2.5
2017-10-19,The Deluxe,2016,https://letterboxd.com/film/the-deluxe/,1.5
2017-10-22,Wallace & Gromit: The Curse of the Were-Rabbit,2005,https://letterboxd.com/film/wallace-gromit-the-curse-of-the-were-rabbit/,3.5
2017-10-22,Wallace & Gromit's Cracking Contraptions,2002,https://letterboxd.com/film/wallace-gromits-cracking-contraptions/,3
2017-10-22,A Grand Day Out,1989,https://letterboxd.com/film/a-grand-day-out/,3
2017-10-22,A Close Shave,1995,https://letterboxd.com/film/a-close-shave-1995/,3
2017-10-22,Frankenstein,1931,https://letterboxd.com/film/frankenstein-1931/,3.5
2017-10-22,Noroi: The Curse,2005,https://letterboxd.com/film/noroi-the-curse/,4
2017-10-22,Unacknowledged,2017,https://letterboxd.com/film/unacknowledged/,3.5
2017-10-22,Lake Mungo,2008,https://letterboxd.com/film/lake-mungo/,3.5
2017-10-22,2001: The Making of a Myth,2001,https://letterboxd.com/film/2001-the-making-of-a-myth/,3
2017-10-23,Architects & Engineers: Solving the Mystery of WTC 7,2011,https://letterboxd.com/film/architects-engineers-solving-the-mystery-of-wtc-7/,3.5
2017-10-23,Skygate 911,2014,https://letterboxd.com/film/skygate-911/,3.5
2017-10-23,Side Effects,2013,https://letterboxd.com/film/side-effects-2013/,4
2017-10-23,Stanley Kubrick's Boxes,2008,https://letterboxd.com/film/stanley-kubricks-boxes/,3
2017-10-23,Possession,1981,https://letterboxd.com/film/possession/,4.5
2017-10-23,"Steamboat Bill, Jr.",1928,https://letterboxd.com/film/steamboat-bill-jr/,3.5
2017-10-23,Occult,2009,https://letterboxd.com/film/occult/,3.5
2017-10-23,Scary Movie,2000,https://letterboxd.com/film/scary-movie-2000/,2
2017-10-23,Scary Movie 2,2001,https://letterboxd.com/film/scary-movie-2/,1.5
2017-10-23,Scream,1996,https://letterboxd.com/film/scream/,3
2017-10-23,In Time,2011,https://letterboxd.com/film/in-time/,1.5
2017-10-24,Vanilla Sky,2001,https://letterboxd.com/film/vanilla-sky/,3.5
2017-10-24,Rosemary's Baby,1968,https://letterboxd.com/film/rosemarys-baby/,4.5
2017-10-25,Hancock,2008,https://letterboxd.com/film/hancock/,1.5
2017-10-25,Horton Hears a Who!,1970,https://letterboxd.com/film/horton-hears-a-who/,2.5
2017-10-25,Paths of Glory,1957,https://letterboxd.com/film/paths-of-glory/,5
2017-10-25,The Conspiracy,2012,https://letterboxd.com/film/the-conspiracy/,1.5
2017-10-25,The Poughkeepsie Tapes,2007,https://letterboxd.com/film/the-poughkeepsie-tapes/,4
2017-10-25,The Naked Gun 33⅓: The Final Insult,1994,https://letterboxd.com/film/the-naked-gun-33-the-final-insult/,3.5
2017-10-25,This House Has People in It,2016,https://letterboxd.com/film/this-house-has-people-in-it/,3.5
2017-10-25,Skyline,2010,https://letterboxd.com/film/skyline/,1
2017-10-26,Horton Hears a Who!,2008,https://letterboxd.com/film/horton-hears-a-who-2008/,2
2017-10-26,Over the Hedge,2006,https://letterboxd.com/film/over-the-hedge/,1.5
2017-10-26,Ip Man,2008,https://letterboxd.com/film/ip-man/,3
2017-10-26,Ip Man 2,2010,https://letterboxd.com/film/ip-man-2/,3
2017-10-26,Ip Man 3,2015,https://letterboxd.com/film/ip-man-3/,2.5
2017-10-26,The Raid,2011,https://letterboxd.com/film/the-raid-2011/,3.5
2017-10-26,The Mummy,1932,https://letterboxd.com/film/the-mummy/,2.5
2017-10-27,Cannibal Holocaust,1980,https://letterboxd.com/film/cannibal-holocaust/,3
2017-10-28,Dracula,1931,https://letterboxd.com/film/dracula/,3
2017-10-28,Wall Street,1987,https://letterboxd.com/film/wall-street/,3
2017-10-30,Phantasm,1979,https://letterboxd.com/film/phantasm/,2.5
2017-10-31,Japan: A Story of Love and Hate,2008,https://letterboxd.com/film/japan-a-story-of-love-and-hate/,3
2017-10-31,Shy Boys: IRL,2011,https://letterboxd.com/film/shy-boys-irl/,2.5
2017-11-03,The Ninth Gate,1999,https://letterboxd.com/film/the-ninth-gate/,2
2017-11-03,Good Time,2017,https://letterboxd.com/film/good-time/,4
2017-11-04,The Mothman Prophecies,2002,https://letterboxd.com/film/the-mothman-prophecies/,2.5
2017-11-05,Transformers,2007,https://letterboxd.com/film/transformers/,2.5
2017-11-05,Transformers: Revenge of the Fallen,2009,https://letterboxd.com/film/transformers-revenge-of-the-fallen/,1.5
2017-11-05,Transformers: Dark of the Moon,2011,https://letterboxd.com/film/transformers-dark-of-the-moon/,1.5
2017-11-05,Kwaidan,1964,https://letterboxd.com/film/kwaidan/,3.5
2017-11-06,Waco: The Rules of Engagement,1997,https://letterboxd.com/film/waco-the-rules-of-engagement/,3.5
2017-11-06,Hellboy,2004,https://letterboxd.com/film/hellboy/,3
2017-11-09,Kill List,2011,https://letterboxd.com/film/kill-list/,2.5
2017-11-10,Speed Racer,2008,https://letterboxd.com/film/speed-racer/,4.5
2017-11-10,Death Race 2000,1975,https://letterboxd.com/film/death-race-2000/,2.5
2017-11-11,I Can See You,2008,https://letterboxd.com/film/i-can-see-you/,2
2017-11-12,This Is Spinal Tap,1984,https://letterboxd.com/film/this-is-spinal-tap/,4
2017-11-12,Blade of the Immortal,2017,https://letterboxd.com/film/blade-of-the-immortal/,2.5
2017-11-12,Prologue,2015,https://letterboxd.com/film/prologue-2015/,3
2017-11-13,The Thief and the Cobbler: Recobbled Cut,2013,https://letterboxd.com/film/the-thief-and-the-cobbler-recobbled-cut/,4
2017-11-13,Jumper,2008,https://letterboxd.com/film/jumper/,2.5
2017-11-14,The Web,2013,https://letterboxd.com/film/the-web-2013/,3
2017-11-14,World of Tomorrow,2015,https://letterboxd.com/film/world-of-tomorrow/,4
2017-11-14,Free Fire,2016,https://letterboxd.com/film/free-fire/,2.5
2017-11-14,Sharknado,2013,https://letterboxd.com/film/sharknado/,1
2017-11-14,Sharknado 2: The Second One,2014,https://letterboxd.com/film/sharknado-2-the-second-one/,1
2017-11-14,Hillary's America: The Secret History of the Democratic Party,2016,https://letterboxd.com/film/hillarys-america-the-secret-history-of-the-democratic-party/,1
2017-11-14,Birdemic: Shock and Terror,2010,https://letterboxd.com/film/birdemic-shock-and-terror/,0.5
2017-11-14,High School Musical,2006,https://letterboxd.com/film/high-school-musical/,1
2017-11-14,Resident Evil,2002,https://letterboxd.com/film/resident-evil/,2
2017-11-14,Mulan II,2004,https://letterboxd.com/film/mulan-ii/,1.5
2017-11-14,X-Men Origins: Wolverine,2009,https://letterboxd.com/film/x-men-origins-wolverine/,2.5
2017-11-15,Riddick,2013,https://letterboxd.com/film/riddick/,2
2017-11-15,Pitch Black,2000,https://letterboxd.com/film/pitch-black/,3
2017-11-15,The Chronicles of Riddick,2004,https://letterboxd.com/film/the-chronicles-of-riddick/,2
2017-11-15,How They Get There,1997,https://letterboxd.com/film/how-they-get-there/,2.5
2017-11-15,Fantastic Planet,1973,https://letterboxd.com/film/fantastic-planet/,3.5
2017-11-15,Zeitgeist,2007,https://letterboxd.com/film/zeitgeist/,3
2017-11-17,Valerian and the City of a Thousand Planets,2017,https://letterboxd.com/film/valerian-and-the-city-of-a-thousand-planets/,3
2017-11-18,Sling Blade,1996,https://letterboxd.com/film/sling-blade/,3
2017-11-18,Kung Fu Hustle,2004,https://letterboxd.com/film/kung-fu-hustle/,4
2017-11-19,Garfield,2004,https://letterboxd.com/film/garfield/,1.5
2017-11-19,"Synecdoche, New York",2008,https://letterboxd.com/film/synecdoche-new-york/,5
2017-11-19,The Wizard of Oz,1939,https://letterboxd.com/film/the-wizard-of-oz-1939/,3
2017-11-19,Oz: The Great and Powerful,2013,https://letterboxd.com/film/oz-the-great-and-powerful/,1.5
2017-11-19,Alice in Wonderland,2010,https://letterboxd.com/film/alice-in-wonderland-2010/,1.5
2017-11-19,Alice in Wonderland,1951,https://letterboxd.com/film/alice-in-wonderland-1951/,3.5
2017-11-19,Pinocchio,1940,https://letterboxd.com/film/pinocchio/,3
2017-11-19,Bambi,1942,https://letterboxd.com/film/bambi/,4
2017-11-19,Peter Pan,1953,https://letterboxd.com/film/peter-pan/,3
2017-11-19,One Hundred and One Dalmatians,1961,https://letterboxd.com/film/one-hundred-and-one-dalmatians/,2.5
2017-11-19,Cinderella,1950,https://letterboxd.com/film/cinderella/,3
2017-11-19,Sleeping Beauty,1959,https://letterboxd.com/film/sleeping-beauty/,3.5
2017-11-19,Lady and the Tramp,1955,https://letterboxd.com/film/lady-and-the-tramp/,3
2017-11-19,Robin Hood,1973,https://letterboxd.com/film/robin-hood/,3
2017-11-19,The Many Adventures of Winnie the Pooh,1977,https://letterboxd.com/film/the-many-adventures-of-winnie-the-pooh/,2
2017-11-19,Der Fuehrer's Face,1943,https://letterboxd.com/film/der-fuehrers-face/,3
2017-11-19,Escape to Witch Mountain,1975,https://letterboxd.com/film/escape-to-witch-mountain/,2
2017-11-20,Hercules,1997,https://letterboxd.com/film/hercules-1997/,3
2017-11-20,Surf's Up,2007,https://letterboxd.com/film/surfs-up/,1.5
2017-11-20,Stuart Little 2,2002,https://letterboxd.com/film/stuart-little-2/,1.5
2017-11-20,Stuart Little,1999,https://letterboxd.com/film/stuart-little/,2
2017-11-20,Videodrome,1983,https://letterboxd.com/film/videodrome/,3.5
2017-11-20,Spring Breakers,2012,https://letterboxd.com/film/spring-breakers/,2
2017-11-21,Hop,2011,https://letterboxd.com/film/hop/,2
2017-11-21,Robots,2005,https://letterboxd.com/film/robots/,2.5
2017-11-21,Groundhog Day,1993,https://letterboxd.com/film/groundhog-day/,5
2017-11-23,Songs from the Second Floor,2000,https://letterboxd.com/film/songs-from-the-second-floor/,3
2017-11-23,"The Chronicles of Narnia: The Lion, the Witch and the Wardrobe",2005,https://letterboxd.com/film/the-chronicles-of-narnia-the-lion-the-witch-and-the-wardrobe/,2.5
2017-11-23,The Chronicles of Narnia: Prince Caspian,2008,https://letterboxd.com/film/the-chronicles-of-narnia-prince-caspian/,2
2017-11-23,Avatar: The Last Airbender - Sozin's Comet,2008,,3
2017-11-23,FLCL,2000,https://letterboxd.com/film/flcl/,4.5
2017-11-23,Geostorm,2017,https://letterboxd.com/film/geostorm/,1.5
2017-11-23,Appleseed: Ex Machina,2007,https://letterboxd.com/film/appleseed-ex-machina/,2
2017-11-23,Black★Rock Shooter,2010,https://letterboxd.com/film/blackrock-shooter/,2
2017-11-23,Zoolander,2001,https://letterboxd.com/film/zoolander/,2.5
2017-11-24,"Planes, Trains and Automobiles",1987,https://letterboxd.com/film/planes-trains-and-automobiles/,3
2017-11-24,Capturing the Friedmans,2003,https://letterboxd.com/film/capturing-the-friedmans/,3.5
2017-11-24,Charlie and the Chocolate Factory,2005,https://letterboxd.com/film/charlie-and-the-chocolate-factory/,2
2017-11-24,Lars and the Real Girl,2007,https://letterboxd.com/film/lars-and-the-real-girl/,4
2017-11-25,Justice League,2017,https://letterboxd.com/film/justice-league/,2.5
2017-11-25,"You, the Living",2007,https://letterboxd.com/film/you-the-living/,3
2017-11-25,Dead Poets Society,1989,https://letterboxd.com/film/dead-poets-society/,4
2017-11-26,I Am a Hero,2015,https://letterboxd.com/film/i-am-a-hero/,3
2017-11-26,Why Don't You Play in Hell?,2013,https://letterboxd.com/film/why-dont-you-play-in-hell/,5
2017-11-26,Logan Lucky,2017,https://letterboxd.com/film/logan-lucky/,3.5
2017-11-26,Rogue One: A Star Wars Story,2016,https://letterboxd.com/film/rogue-one-a-star-wars-story/,1.5
2017-11-26,Star Wars: The Clone Wars,2008,https://letterboxd.com/film/star-wars-the-clone-wars/,0.5
2017-11-26,Meet the Robinsons,2007,https://letterboxd.com/film/meet-the-robinsons/,3
2017-11-28,Finders Keepers,2015,https://letterboxd.com/film/finders-keepers-2015/,3
2017-11-29,Million Dollar Baby,2004,https://letterboxd.com/film/million-dollar-baby/,2.5
2017-11-29,Clash of the Titans,1981,https://letterboxd.com/film/clash-of-the-titans/,2.5
2017-11-29,Conan the Barbarian,1982,https://letterboxd.com/film/conan-the-barbarian/,3
2017-11-30,Kung Fu Panda,2008,https://letterboxd.com/film/kung-fu-panda/,2.5
2017-11-30,Madagascar,2005,https://letterboxd.com/film/madagascar/,2
2017-11-30,Shark Tale,2004,https://letterboxd.com/film/shark-tale/,1.5
2017-12-01,Dredd,2012,https://letterboxd.com/film/dredd/,2.5
2017-12-01,Kingsman: The Golden Circle,2017,https://letterboxd.com/film/kingsman-the-golden-circle/,3
2017-12-01,Bionicle: Mask of Light,2003,https://letterboxd.com/film/bionicle-mask-of-light/,3
2017-12-01,Bionicle 2: Legends of Metru Nui,2004,https://letterboxd.com/film/bionicle-2-legends-of-metru-nui/,3
2017-12-01,Bionicle 3: Web of Shadows,2005,https://letterboxd.com/film/bionicle-3-web-of-shadows/,2.5
2017-12-01,Bionicle: The Legend Reborn,2009,https://letterboxd.com/film/bionicle-the-legend-reborn/,2
2017-12-02,Ice Age,2002,https://letterboxd.com/film/ice-age/,2.5
2017-12-02,Ice Age: The Meltdown,2006,https://letterboxd.com/film/ice-age-the-meltdown/,2
2017-12-02,Rio,2011,https://letterboxd.com/film/rio-2011/,2
2017-12-02,Ice Age: Continental Drift,2012,https://letterboxd.com/film/ice-age-continental-drift/,2
2017-12-02,Spider-Man,2002,https://letterboxd.com/film/spider-man/,3
2017-12-02,Spider-Man 2,2004,https://letterboxd.com/film/spider-man-2/,3.5
2017-12-02,Anastasia,1997,https://letterboxd.com/film/anastasia-1997/,3
2017-12-04,Helvetica,2007,https://letterboxd.com/film/helvetica/,2.5
2017-12-04,ADAM: The Mirror,2017,https://letterboxd.com/film/adam-the-mirror/,1.5
2017-12-04,ADAM: Chapter 3,2017,https://letterboxd.com/film/adam-chapter-3/,1
2017-12-04,ADAM,2016,https://letterboxd.com/film/adam-2016/,2
2017-12-04,The Fisherman,2015,https://letterboxd.com/film/the-fisherman-2015/,2
2017-12-04,R'ha,2013,https://letterboxd.com/film/rha/,2.5
2017-12-05,A Pigeon Sat on a Branch Reflecting on Existence,2014,https://letterboxd.com/film/a-pigeon-sat-on-a-branch-reflecting-on-existence/,3.5
2017-12-06,Argo,2012,https://letterboxd.com/film/argo/,2
2017-12-06,The Taking of Deborah Logan,2014,https://letterboxd.com/film/the-taking-of-deborah-logan/,2.5
2017-12-06,Rashomon,1950,https://letterboxd.com/film/rashomon/,4
2017-12-06,Objectified,2009,https://letterboxd.com/film/objectified/,2.5
2017-12-09,Man Bites Dog,1992,https://letterboxd.com/film/man-bites-dog/,3
2017-12-11,A Ghost Story,2017,https://letterboxd.com/film/a-ghost-story-2017/,3.5
2017-12-11,Zathura: A Space Adventure,2005,https://letterboxd.com/film/zathura-a-space-adventure/,2.5
2017-12-12,Sky High,2005,https://letterboxd.com/film/sky-high-2005/,1.5
2017-12-12,Tangled,2010,https://letterboxd.com/film/tangled-2010/,2.5
2017-12-12,The Princess and the Frog,2009,https://letterboxd.com/film/the-princess-and-the-frog/,1.5
2017-12-12,Cloudy with a Chance of Meatballs,2009,https://letterboxd.com/film/cloudy-with-a-chance-of-meatballs/,3
2017-12-12,Cloudy with a Chance of Meatballs 2,2013,https://letterboxd.com/film/cloudy-with-a-chance-of-meatballs-2/,2
2017-12-12,Night at the Museum,2006,https://letterboxd.com/film/night-at-the-museum/,2
2017-12-12,Open Season,2006,https://letterboxd.com/film/open-season/,1.5
2017-12-12,The Hangover,2009,https://letterboxd.com/film/the-hangover/,2
2017-12-12,Urbanized,2011,https://letterboxd.com/film/urbanized/,2.5
2017-12-12,American Made,2017,https://letterboxd.com/film/american-made/,3.5
2017-12-13,The Killing of a Sacred Deer,2017,https://letterboxd.com/film/the-killing-of-a-sacred-deer/,4
2017-12-13,Lemony Snicket's A Series of Unfortunate Events,2004,https://letterboxd.com/film/lemony-snickets-a-series-of-unfortunate-events/,2
2017-12-13,The Day After Tomorrow,2004,https://letterboxd.com/film/the-day-after-tomorrow/,2.5
2017-12-16,Gerald's Game,2017,https://letterboxd.com/film/geralds-game/,1.5
2017-12-17,Hotel Rwanda,2004,https://letterboxd.com/film/hotel-rwanda/,3
2017-12-20,Dog of Wisdom,2015,,1
2017-12-21,Ocean's Twelve,2004,https://letterboxd.com/film/oceans-twelve/,3
2017-12-22,Ocean's Thirteen,2007,https://letterboxd.com/film/oceans-thirteen/,3.5
2017-12-23,Arthur's Perfect Christmas,2000,https://letterboxd.com/film/arthurs-perfect-christmas-2000-1/,3.5
2017-12-23,Frosty Returns,1992,https://letterboxd.com/film/frosty-returns/,2
2017-12-23,Frosty's Winter Wonderland,1976,https://letterboxd.com/film/frostys-winter-wonderland/,2.5
2017-12-23,A Christmas Story,1983,https://letterboxd.com/film/a-christmas-story-1983/,3
2017-12-23,Pandorum,2009,https://letterboxd.com/film/pandorum/,2
2017-12-29,Blade Runner 2049,2017,https://letterboxd.com/film/blade-runner-2049/,4.5
2017-12-31,Jumanji: Welcome to the Jungle,2017,https://letterboxd.com/film/jumanji-welcome-to-the-jungle/,3
2017-12-31,Too Many Cooks,2014,https://letterboxd.com/film/too-many-cooks-2014/,3.5
2018-01-02,Hell or High Water,2016,https://letterboxd.com/film/hell-or-high-water/,3.5
2018-01-03,Battle Royale,2000,https://letterboxd.com/film/battle-royale/,3.5
2018-01-04,Suicide Club,2001,https://letterboxd.com/film/suicide-club/,3
2018-01-04,Operation Avalanche,2016,https://letterboxd.com/film/operation-avalanche/,3.5
2018-01-04,Tsukimonogatari,2014,https://letterboxd.com/film/tsukimonogatari/,4
2018-01-04,Hanamonogatari,2014,https://letterboxd.com/film/hanamonogatari/,4
2018-01-05,Attack on Titan Crimson Bow and Arrow,2014,https://letterboxd.com/film/attack-on-titan-crimson-bow-and-arrow/,2.5
2018-01-05,Attack on Titan: The Wings of Freedom.,2015,https://letterboxd.com/film/attack-on-titan-the-wings-of-freedom/,2.5
2018-01-05,Moving Picture,1907,https://letterboxd.com/film/moving-picture/,2
2018-01-05,A Poet's Life,1974,https://letterboxd.com/film/a-poets-life/,2
2018-01-05,RWBY: Volume 1,2013,https://letterboxd.com/film/rwby-volume-1/,1
2018-01-05,Colorful,2010,https://letterboxd.com/film/colorful/,2.5
2018-01-05,Little Witch Academia,2013,https://letterboxd.com/film/little-witch-academia/,3.5
2018-01-05,Puella Magi Madoka Magica the Movie Part II: Eternal,2012,https://letterboxd.com/film/puella-magi-madoka-magica-the-movie-part-ii-eternal/,3.5
2018-01-05,First Strike,1996,https://letterboxd.com/film/first-strike-1996/,3
2018-01-06,Koyomimonogatari,2016,https://letterboxd.com/film/koyomimonogatari/,4
2018-01-06,Puella Magi Madoka Magica the Movie Part III: Rebellion,2013,https://letterboxd.com/film/puella-magi-madoka-magica-the-movie-part-iii-rebellion/,2
2018-01-06,Bottle Rocket,1996,https://letterboxd.com/film/bottle-rocket-1996/,3.5
2018-01-06,Lolita,1962,https://letterboxd.com/film/lolita/,4
2018-01-07,Murder by Death,1976,https://letterboxd.com/film/murder-by-death/,3.5
2018-01-07,Love Exposure,2008,https://letterboxd.com/film/love-exposure/,4.5
2018-01-09,Some Like It Hot,1959,https://letterboxd.com/film/some-like-it-hot/,3.5
2018-01-10,The Ladykillers,1955,https://letterboxd.com/film/the-ladykillers/,2.5
2018-01-10,Black Mirror: The National Anthem,2011,https://letterboxd.com/film/black-mirror-the-national-anthem/,3
2018-01-11,Black Mirror: Fifteen Million Merits,,https://letterboxd.com/film/black-mirror-fifteen-million-merits/,1.5
2018-01-11,Black Mirror: The Entire History of You,,https://letterboxd.com/film/black-mirror-the-entire-history-of-you-2011/,3.5
2018-01-12,Black Mirror: Be Right Back,2013,https://letterboxd.com/film/black-mirror-be-right-back/,2.5
2018-01-12,Black Mirror: White Bear,2013,https://letterboxd.com/film/black-mirror-white-bear/,2
2018-01-12,Fist of Fury,1972,https://letterboxd.com/film/fist-of-fury/,3
2018-01-13,Black Mirror: The Waldo Moment,2013,https://letterboxd.com/film/black-mirror-the-waldo-moment/,2
2018-01-13,Black Mirror: White Christmas,2014,https://letterboxd.com/film/black-mirror-white-christmas/,3.5
2018-01-13,Black Mirror: Nosedive,2016,https://letterboxd.com/film/black-mirror-nosedive/,3
2018-01-14,Jimmy Timmy Power Hour,2004,https://letterboxd.com/film/jimmy-timmy-power-hour/,2.5
2018-01-14,Jimmy Timmy Power Hour 2: When Nerds Collide,2006,https://letterboxd.com/film/jimmy-timmy-power-hour-2-when-nerds-collide/,2.5
2018-01-14,Jimmy Timmy Power Hour 3: The Jerkinators!,2006,https://letterboxd.com/film/jimmy-timmy-power-hour-3-the-jerkinators/,2
2018-01-14,The Room,2003,https://letterboxd.com/film/the-room/,0.5
2018-01-15,Black Mirror: Playtest,,https://letterboxd.com/film/black-mirror-playtest-1/,2.5
2018-01-15,2070 Paradigm Shift,2013,https://letterboxd.com/film/2070-paradigm-shift/,4
2018-01-15,Ideas Man,2013,https://letterboxd.com/film/ideas-man/,4.5
2018-01-15,Black Mirror: Shut Up and Dance,,https://letterboxd.com/film/black-mirror-shut-up-and-dance-1/,2.5
2018-01-15,Rush Hour,1998,https://letterboxd.com/film/rush-hour/,3
2018-01-15,Black Mirror: San Junipero,2016,https://letterboxd.com/film/black-mirror-san-junipero/,2
2018-01-15,ME!ME!ME!,2014,https://letterboxd.com/film/mememe/,4.5
2018-01-15,The Dragon Dentist,2014,https://letterboxd.com/film/the-dragon-dentist/,3
2018-01-15,Hill Climb Girl,2014,https://letterboxd.com/film/hill-climb-girl/,1
2018-01-15,"20min Walk From Nishi-Ogikubo Station, 2 Bedrooms, Living Room, Dining Room, Kitchen, 2mos Deposit, No Pets Allowed.",2014,https://letterboxd.com/film/20min-walk-from-nishi-ogikubo-station-2-bedrooms-living-room-dining-room-kitchen-2mos-deposit-no-pets/,3
2018-01-16,MouseHunt,1997,https://letterboxd.com/film/mousehunt/,2
2018-01-16,Evangelion: Another Impact (Confidential),2015,https://letterboxd.com/film/evangelion-another-impact-confidential/,1.5
2018-01-17,Black Mirror: Men Against Fire,,https://letterboxd.com/film/black-mirror-men-against-fire/,2.5
2018-01-17,Neon Genesis Impacts,2015,https://letterboxd.com/film/neon-genesis-impacts/,1
2018-01-17,Carnage,2014,https://letterboxd.com/film/film:305329/,3
2018-01-17,until You come to me,2014,https://letterboxd.com/film/until-you-come-to-me/,1.5
2018-01-17,Chicken Little,2005,https://letterboxd.com/film/chicken-little-2005/,1.5
2018-01-17,Brother Bear,2003,https://letterboxd.com/film/brother-bear/,2
2018-01-17,Black Mirror: Hated in the Nation,,https://letterboxd.com/film/black-mirror-hated-in-the-nation-1/,3
2018-01-17,Sex & Violence with Machspeed,2015,https://letterboxd.com/film/sex-violence-with-machspeed/,1.5
2018-01-17,Ochibi,2015,https://letterboxd.com/film/ochibi/,3.5
2018-01-17,Memoirs of Amorous Gentlemen,2015,https://letterboxd.com/film/memoirs-of-amorous-gentlemen/,1.5
2018-01-17,Rapid Rouge,2015,https://letterboxd.com/film/rapid-rouge/,2.5
2018-01-17,Hammerhead,2015,https://letterboxd.com/film/hammerhead-2015/,3.5
2018-01-17,Bubu & Bubulina,2015,https://letterboxd.com/film/bubu-bubulina/,3
2018-01-17,BUREAU OF PROTO SOCIETY,2015,https://letterboxd.com/film/bureau-of-proto-society/,3.5
2018-01-17,Robot on the Road,2015,https://letterboxd.com/film/robot-on-the-road/,4
2018-01-17,Cassette Girl,2015,https://letterboxd.com/film/cassette-girl/,4
2018-01-17,DAICON IV Opening Animation,1983,https://letterboxd.com/film/daicon-iv-opening-animation/,4
2018-01-18,Godzilla: Planet of the Monsters,2017,https://letterboxd.com/film/godzilla-planet-of-the-monsters/,2.5
2018-01-19,Drunken Master,1978,https://letterboxd.com/film/drunken-master/,3.5
2018-01-20,Black Mirror: USS Callister,2017,https://letterboxd.com/film/black-mirror-uss-callister/,3
2018-01-21,The General,1926,https://letterboxd.com/film/the-general/,4
2018-01-22,Super Troopers,2001,https://letterboxd.com/film/super-troopers/,3
2018-01-23,"I, Pet Goat II",2012,https://letterboxd.com/film/i-pet-goat-ii/,4.5
2018-01-23,The Little Mermaid,1989,https://letterboxd.com/film/the-little-mermaid/,2.5
2018-01-23,Snow White and the Seven Dwarfs,1937,https://letterboxd.com/film/snow-white-and-the-seven-dwarfs/,3
2018-01-23,Rango,2011,https://letterboxd.com/film/rango/,3
2018-01-23,Tarzan,1999,https://letterboxd.com/film/tarzan/,2.5
2018-01-23,Mulan,1998,https://letterboxd.com/film/mulan/,2.5
2018-01-23,ParaNorman,2012,https://letterboxd.com/film/paranorman/,2
2018-01-23,"South Park: Bigger, Longer & Uncut",1999,https://letterboxd.com/film/south-park-bigger-longer-uncut/,2.5
2018-01-23,Happy Feet,2006,https://letterboxd.com/film/happy-feet/,1.5
2018-01-23,Rise of the Guardians,2012,https://letterboxd.com/film/rise-of-the-guardians/,1.5
2018-01-23,The SpongeBob Movie: Sponge Out of Water,2015,https://letterboxd.com/film/the-spongebob-movie-sponge-out-of-water/,1.5
2018-01-23,Puss in Boots,2011,https://letterboxd.com/film/puss-in-boots/,1.5
2018-01-23,Oliver & Company,1988,https://letterboxd.com/film/oliver-company/,1.5
2018-01-23,The Lion King 1½,2004,https://letterboxd.com/film/the-lion-king-1/,2
2018-01-23,Hoodwinked!,2005,https://letterboxd.com/film/hoodwinked/,1.5
2018-01-24,Zapruder Film of Kennedy Assassination,1963,https://letterboxd.com/film/zapruder-film-of-kennedy-assassination/,3
2018-01-24,Triangle,2009,https://letterboxd.com/film/triangle-2009/,3
2018-01-25,Being There,1979,https://letterboxd.com/film/being-there/,4.5
2018-01-25,No Strings Attached,2011,https://letterboxd.com/film/no-strings-attached/,1.5
2018-01-25,Charlie the Unicorn,2005,https://letterboxd.com/film/charlie-the-unicorn/,2
2018-01-25,Marching to Zion,2015,https://letterboxd.com/film/marching-to-zion/,2
2018-01-25,Expiration Date,2014,https://letterboxd.com/film/expiration-date-2014/,3
2018-01-25,PlayTime,1967,https://letterboxd.com/film/playtime/,3.5
2018-01-26,"Good bye, Lenin!",2003,https://letterboxd.com/film/good-bye-lenin/,3
2018-01-26,Mostly Martha,2001,https://letterboxd.com/film/mostly-martha/,2.5
2018-01-26,Coherence,2013,https://letterboxd.com/film/coherence/,2
2018-01-27,White Chicks,2004,https://letterboxd.com/film/white-chicks/,1
2018-01-27,Black Mirror: Arkangel,2017,https://letterboxd.com/film/black-mirror-arkangel/,2.5
2018-01-27,Black Mirror: Crocodile,2017,https://letterboxd.com/film/black-mirror-crocodile/,2
2018-01-28,Rope,1948,https://letterboxd.com/film/rope/,4
2018-01-28,Black Mirror: Hang the DJ,2017,https://letterboxd.com/film/black-mirror-hang-the-dj/,2
2018-01-30,A Scanner Darkly,2006,https://letterboxd.com/film/a-scanner-darkly/,4
2018-01-30,The Adjustment Bureau,2011,https://letterboxd.com/film/the-adjustment-bureau/,1.5
2018-01-31,Serenity,2005,https://letterboxd.com/film/serenity/,3
2018-01-31,Troll Hunter,2010,https://letterboxd.com/film/troll-hunter/,2.5
2018-01-31,Black Mirror: Metalhead,2017,https://letterboxd.com/film/black-mirror-metalhead/,1.5
2018-02-01,Alvin and the Chipmunks,2007,https://letterboxd.com/film/alvin-and-the-chipmunks/,1
2018-02-02,Dr. No,1962,https://letterboxd.com/film/dr-no/,3
2018-02-02,Black Mirror: Black Museum,2017,https://letterboxd.com/film/black-mirror-black-museum/,2
2018-02-02,Scooby-Doo! and Kiss: Rock and Roll Mystery,2015,https://letterboxd.com/film/scooby-doo-and-kiss-rock-and-roll-mystery/,2
2018-02-02,Serial Experiments Lain,1998,https://letterboxd.com/film/serial-experiments-lain-1998/,4
2018-02-03,From Russia with Love,1963,https://letterboxd.com/film/from-russia-with-love/,3
2018-02-03,Dog of Song,2017,https://letterboxd.com/film/dog-of-song/,2
2018-02-03,Thus Spoke Kishibe Rohan,2017,https://letterboxd.com/film/thus-spoke-kishibe-rohan/,3
2018-02-04,Goldfinger,1964,https://letterboxd.com/film/goldfinger/,3.5
2018-02-05,Yoshikazu Yasuhiko & Ichiro Itano: Collection of Key Animation Films from Mobile Suit Gundam,2014,https://letterboxd.com/film/yoshikazu-yasuhiko-ichiro-itano-collection-of-key-animation-films-from-mobile-suit-gundam/,2
2018-02-05,Tomorrow From There,2015,https://letterboxd.com/film/tomorrow-from-there/,2.5
2018-02-05,Gridman,2015,https://letterboxd.com/film/gridman/,2
2018-02-05,Yamadeloid,2015,https://letterboxd.com/film/yamadeloid/,2
2018-02-05,Power Plant No.33,2015,https://letterboxd.com/film/power-plant-no33/,2.5
2018-02-05,Kanón,2015,https://letterboxd.com/film/kanon-2015/,3.5
2018-02-05,Obake-chan,2015,https://letterboxd.com/film/obake-chan/,3.5
2018-02-05,I Can Friday By Today,2015,https://letterboxd.com/film/i-can-friday-by-today/,3
2018-02-05,Sweeney Todd: The Demon Barber of Fleet Street,2007,https://letterboxd.com/film/sweeney-todd-the-demon-barber-of-fleet-street-2007/,2
2018-02-06,The Cloverfield Paradox,2018,https://letterboxd.com/film/the-cloverfield-paradox/,2
2018-02-06,Thunderball,1965,https://letterboxd.com/film/thunderball/,3
2018-02-09,The Adventures of Tintin,2011,https://letterboxd.com/film/the-adventures-of-tintin/,2.5
2018-02-09,Casino Royale,1967,https://letterboxd.com/film/casino-royale/,2.5
2018-02-11,I Don't Feel at Home in This World Anymore,2017,https://letterboxd.com/film/i-dont-feel-at-home-in-this-world-anymore/,2.5
2018-02-11,You Only Live Twice,1967,https://letterboxd.com/film/you-only-live-twice/,3
2018-02-11,On Her Majesty's Secret Service,1969,https://letterboxd.com/film/on-her-majestys-secret-service/,3.5
2018-02-11,Waking Life,2001,https://letterboxd.com/film/waking-life/,4
2018-02-13,Diamonds Are Forever,1971,https://letterboxd.com/film/diamonds-are-forever/,2
2018-02-13,Doctor Who: The Runaway Bride,2007,https://letterboxd.com/film/doctor-who-the-runaway-bride/,2
2018-02-13,Doctor Who: Time Crash,2007,https://letterboxd.com/film/doctor-who-time-crash/,2
2018-02-13,Doctor Who: Voyage of the Damned,2007,https://letterboxd.com/film/doctor-who-voyage-of-the-damned/,2
2018-02-13,Doctor Who: Planet of the Dead,2009,https://letterboxd.com/film/doctor-who-planet-of-the-dead/,2
2018-02-13,Doctor Who: The Waters of Mars,2009,https://letterboxd.com/film/doctor-who-the-waters-of-mars/,2
2018-02-13,Doctor Who: The End of Time,2009,https://letterboxd.com/film/doctor-who-the-end-of-time/,2
2018-02-13,Doctor Who: A Christmas Carol,2010,https://letterboxd.com/film/film:242699/,2
2018-02-13,"Doctor Who: The Doctor, the Widow and the Wardrobe",2011,https://letterboxd.com/film/doctor-who-the-doctor-the-widow-and-the-wardrobe/,2
2018-02-13,Doctor Who: Space and Time,2011,https://letterboxd.com/film/doctor-who-space-and-time/,2
2018-02-13,Doctor Who: The Snowmen,2012,https://letterboxd.com/film/doctor-who-the-snowmen/,2
2018-02-13,Limitless,2011,https://letterboxd.com/film/limitless/,2.5
2018-02-13,Paul,2011,https://letterboxd.com/film/paul-2011/,2
2018-02-13,Identity Thief,2013,https://letterboxd.com/film/identity-thief/,1.5
2018-02-13,Live and Let Die,1973,https://letterboxd.com/film/live-and-let-die/,3.5
2018-02-18,mother!,2017,https://letterboxd.com/film/mother-2017/,4
2018-02-18,The Man with the Golden Gun,1974,https://letterboxd.com/film/the-man-with-the-golden-gun/,3
2018-02-21,The Spy Who Loved Me,1977,https://letterboxd.com/film/the-spy-who-loved-me/,3.5
2018-02-28,It's a SpongeBob Christmas!,2012,https://letterboxd.com/film/its-a-spongebob-christmas/,2
2018-03-02,Moonraker,1979,https://letterboxd.com/film/moonraker/,2
2018-03-03,For Your Eyes Only,1981,https://letterboxd.com/film/for-your-eyes-only/,2.5
2018-03-04,Octopussy,1983,https://letterboxd.com/film/octopussy/,2.5
2018-03-04,Gravity Daze The Animation: Ouverture,2016,https://letterboxd.com/film/gravity-daze-the-animation-ouverture/,2
2018-03-04,The Death of Stalin,2017,https://letterboxd.com/film/the-death-of-stalin/,4
2018-03-04,Never Say Never Again,1983,https://letterboxd.com/film/never-say-never-again/,2.5
2018-03-05,Get Out,2017,https://letterboxd.com/film/get-out-2017/,3
2018-03-05,A View to a Kill,1985,https://letterboxd.com/film/a-view-to-a-kill/,2.5
2018-03-05,World of Tomorrow Episode Two: The Burden of Other People's Thoughts,2017,https://letterboxd.com/film/world-of-tomorrow-episode-two-the-burden-of-other-peoples-thoughts/,4
2018-03-05,The Simpsons: Don Hertzfeldt Couch Gag,2014,https://letterboxd.com/film/the-simpsons-don-hertzfeldt-couch-gag/,3
2018-03-06,The Living Daylights,1987,https://letterboxd.com/film/the-living-daylights/,3
2018-03-06,After Hours,1985,https://letterboxd.com/film/after-hours/,4.5
2018-03-06,Animal House,1978,https://letterboxd.com/film/animal-house/,3.5
2018-03-07,Licence to Kill,1989,https://letterboxd.com/film/licence-to-kill/,3.5
2018-03-07,Vampire Hunter D,1985,https://letterboxd.com/film/vampire-hunter-d/,3
2018-03-07,Riding Bean,1989,https://letterboxd.com/film/riding-bean/,4
2018-03-07,GoldenEye,1995,https://letterboxd.com/film/goldeneye/,3.5
2018-03-07,Everybody Wants Some!!,2016,https://letterboxd.com/film/everybody-wants-some/,4
2018-03-08,Tomorrow Never Dies,1997,https://letterboxd.com/film/tomorrow-never-dies/,3
2018-03-08,Computer Chess,2013,https://letterboxd.com/film/computer-chess/,3
2018-03-08,Burn After Reading,2008,https://letterboxd.com/film/burn-after-reading/,3
2018-03-08,In the Loop,2009,https://letterboxd.com/film/in-the-loop/,4
2018-03-09,Planet 51,2009,https://letterboxd.com/film/planet-51/,1.5
2018-03-09,The World Is Not Enough,1999,https://letterboxd.com/film/the-world-is-not-enough/,2.5
2018-03-09,Die Another Day,2002,https://letterboxd.com/film/die-another-day/,1.5
2018-03-09,Radius,2017,https://letterboxd.com/film/radius/,3
2018-03-10,Casino Royale,2006,https://letterboxd.com/film/casino-royale-2006/,4
2018-03-10,The Ritual,2017,https://letterboxd.com/film/the-ritual-2017/,3
2018-03-11,Quantum of Solace,2008,https://letterboxd.com/film/quantum-of-solace/,1.5
2018-03-11,Skyfall,2012,https://letterboxd.com/film/skyfall/,3.5
2018-03-11,Spectre,2015,https://letterboxd.com/film/spectre-2015/,3
2018-03-12,Nathan for You: Finding Frances,2017,https://letterboxd.com/film/nathan-for-you-finding-frances/,3.5
2018-03-13,Requiem for a Dream,2000,https://letterboxd.com/film/requiem-for-a-dream/,4
2018-03-14,Annihilation,2018,https://letterboxd.com/film/annihilation/,2.5
2018-03-16,Disney's American Legends,2001,https://letterboxd.com/film/disneys-american-legends/,3
2018-03-16,Charlotte's Web,1973,https://letterboxd.com/film/charlottes-web/,3
2018-03-16,"Food, Inc.",2008,https://letterboxd.com/film/food-inc/,2.5
2018-03-16,DAICON III Opening Animation,1981,https://letterboxd.com/film/daicon-iii-opening-animation/,3
2018-03-16,The Nice Guys,2016,https://letterboxd.com/film/the-nice-guys/,4
2018-03-18,Coco,2017,https://letterboxd.com/film/coco-2017/,3.5
2018-03-19,Vampire Hunter D: Bloodlust,2000,https://letterboxd.com/film/vampire-hunter-d-bloodlust/,4
2018-03-22,Predestination,2014,https://letterboxd.com/film/predestination/,3.5
2018-03-22,Star Wars: The Last Jedi,2017,https://letterboxd.com/film/star-wars-the-last-jedi/,0.5
2018-03-22,Dear Zachary: A Letter to a Son About His Father,2008,https://letterboxd.com/film/dear-zachary-a-letter-to-a-son-about-his-father/,4.5
2018-03-23,Mr. Nobody,2009,https://letterboxd.com/film/mr-nobody/,2
